Embalses,Nombre completo,Ríos,Cuenca,Latitude,Longitude,Capacidad,Actual,Porcentaje_Actual
Añarbe,Embalse de Añarbe,Añarbe,Cantábrico Oriental,43.2205115,-1.8751321,38,21,55.3
Ibiur,Embalse de Ibiur,Ibiur,Cantábrico Oriental,43.081951,-2.1254698,8,6,75.0
Ordunte,Embalse del Ordunte,Ordunte,Cantábrico Oriental,43.1611914,-3.2823462,22,11,50.0
San Antón,Embalse de San Antón,Endara,Cantábrico Oriental,43.2743832838029,-1.77348065861694,5,4,80.0
Alfilorios,Embalse de Alfilorios,Barrea,Cantábrico Occidental,43.2917805,-5.917858,8,3,37.5
Alsa - Mediajo,Embalse de Alsa - Mediajo,Torina,Cantábrico Occidental,43.078611,-3.957222,22,18,81.8
Arbón,Embalse de Arbón,Navia,Cantábrico Occidental,43.4770527,-6.7302435,41,37,90.2
La Barca,Embalse de La Barca,Narcea,Cantábrico Occidental,43.296808,-6.3405544,29,23,79.3
La Cohilla,Embalse de La Cohilla,Nansa,Cantábrico Occidental,43.1332518,-4.3902585,12,2,16.7
Doiras,Embalse de Doiras,Navia,Cantábrico Occidental,43.387222,-6.823889,97,71,73.2
Rioseco,Embalse de Rioseco,Nalón,Cantábrico Occidental,43.2246056,-5.4633649,4,3,75.0
Salime,Embalse de Salime,Navia,Cantábrico Occidental,43.1590562,-6.8692778,238,99,41.6
Tanes,Embalse de Tanes,Nalón,Cantábrico Occidental,43.2050532,-5.4050813,34,20,58.8
Albarellos,Embalse de Albarellos,Avia,Miño-Sil,42.3991760357656,-8.20234891317513,91,22,24.2
Bao,Embalse de Bao,Bibey,Miño-Sil,42.2484,-7.1664,238,204,85.7
Bárcena,Embalse de Bárcena,Sil,Miño-Sil,42.5775131,-6.559887,341,218,63.9
Belesar,Embalse de Belesar,Miño,Miño-Sil,42.6286685,-7.7121655,655,184,28.1
La Campañana,Embalse de La Campañana,Sil,Miño-Sil,42.5056303,-6.7818585,14,9,64.3
Castrelo,Embalse de Castrelo,Miño,Miño-Sil,42.4811884,-8.803152,60,51,85.0
Cenza,Embalse de Cenza,Cenza,Miño-Sil,42.2009154691097,-7.26317246356753,40,9,22.5
Chandrexa,Embalse de Chandrexa,Navea,Miño-Sil,42.2500206,-7.4172309,61,26,42.6
Las Conchas,Embalse de Las Conchas,Limia,Miño-Sil,41.9691216790891,-7.97958471458453,80,29,36.2
Edrada-Mao,Embalse de Edrada-Mao,Mao,Miño-Sil,42.1489919,-7.2346105,14,3,21.4
Frieira,Embalse de Frieira,Miño,Miño-Sil,42.2099606,-8.1919112,44,38,86.4
Guístolas,Embalse de Guístolas,Navea,Miño-Sil,42.3387768910082,-7.31496286831345,5,2,40.0
Matalavilla,Embalse de Matalavilla,Valseco,Miño-Sil,42.8353684,-6.4330305,65,31,47.7
Montefurado,Embalse de Montefurado,Bibey-Sil,Miño-Sil,42.3956785,-7.2029234,10,10,100.0
Os Peares,Embalse de Os Peares,Miño,Miño-Sil,42.532535,-7.7104428,182,164,90.1
Peñarrubia,Embalse de Peñarrubia,Sil,Miño-Sil,42.4625865,-6.8123247,13,11,84.6
Pías (San Agustín),Embalse de Pías (San Agustín),Bibey,Miño-Sil,42.1110396,-6.9893766,10,4,40.0
Las Portas,Embalse de Las Portas,Camba,Miño-Sil,42.1167,-7.2093,536,304,56.7
Prada,Embalse de Prada,Jares,Miño-Sil,42.2996301,-7.0377463,122,86,70.5
Las Rozas,Embalse de Las Rozas,Sil,Miño-Sil,42.9182108,-6.3398896,28,6,21.4
Salas,Embalse de Salas,Salas,Miño-Sil,41.9864525860087,-7.99955535999446,87,25,28.7
San. Estevo,Embalse de San. Estevo,Sil,Miño-Sil,42.3854073227088,-7.51184114103975,213,170,79.8
San Martiño,Embalse de San Martiño,Sil,Miño-Sil,42.3854742850496,-7.11754672838874,10,9,90.0
San Pedro,Embalse de San Pedro,Sil,Miño-Sil,42.4525907727791,-7.71931774590953,6,5,83.3
San Sebastián,Embalse de San Sebastián,Bibey,Miño-Sil,42.1487345,-6.935674,46,14,30.4
Santa Eulalia,Embalse de Santa Eulalia,Jares,Miño-Sil,42.3497,-7.0625,10,6,60.0
Sequeiros,Embalse de Sequeiros,Sil,Miño-Sil,42.4377020336185,-7.21673321471883,11,10,90.9
Velle,Embalse de Velle,Miño,Miño-Sil,42.3787614,-7.8265973,17,14,82.4
Vilasouto,Embalse de Vilasouto,Mao,Miño-Sil,42.6639318,-7.417857,21,7,33.3
Barrie de la Maza,Embalse de Barrie de la Maza,Tambre,Galicia Costa,42.8727676,-8.7584426,31,10,32.3
Cecebre,Embalse de Cecebre,Mero,Galicia Costa,43.2829606,-8.2977251,22,10,45.5
Eiras,Embalse de Eiras,Oitavén,Galicia Costa,42.3461379,-8.4903865,22,11,50.0
Eume,Embalse de Eume,Eume,Galicia Costa,43.3763925,-7.9906232,123,84,68.3
Fervenza,Embalse de Fervenza,Jallas,Galicia Costa,42.9975289,-8.9935558,103,39,37.9
As Forcadas,Embalse de As Forcadas,Forcadas,Galicia Costa,43.6176,-8.0839,11,4,36.4
Portodemouros,Embalse de Portodemouros,Ulla,Galicia Costa,42.8388311,-8.1297595,297,139,46.8
A Ribeira,Embalse de A Ribeira,Eume,Galicia Costa,42.5540645,-8.9922481,33,17,51.5
Riocobo,Embalse de Riocobo,Cobo,Galicia Costa,43.6748439567132,-7.44653815686947,6,2,33.3
Sta Uxia,Embalse de Sta Uxia,Jallas,Galicia Costa,42.9176447321584,-9.09925275911726,18,12,66.7
Villagudín,Embalse de Villagudín,Veduino,Galicia Costa,43.094887,-8.4915277,18,15,83.3
Ibai-Eder,Embalse de Ibai-Eder,Ibai-Eder,Cuencas Internas del País Vasco,43.1234072098623,-2.22521233982946,11,7,63.6
Urkulu,Embalse de Urkulu,Urkulu,Cuencas Internas del País Vasco,43.0190927,-2.4784518,10,8,80.0
Nuestra Señora de Agavanzal,Embalse de Nuestra Señora de Agavanzal,Tera,Duero,41.9751551189605,-6.15928175503354,36,35,97.2
Águeda,Embalse de Águeda,Águeda,Duero,40.5298774,-6.4816084,15,10,66.7
Aguilar,Embalse de Aguilar,Pisuerga,Duero,42.8095736,-4.3128549,247,99,40.1
Aldeadávila,Embalse de Aldeadávila,Duero,Duero,41.2113789,-6.6862008,114,110,96.5
Almendra,Embalse de Almendra,Tormes,Duero,41.2607875,-6.2694608,2649,1477,55.8
Arlanzón,Embalse de Arlanzón,Arlanzón,Duero,42.252480475864,-3.33593499944234,22,9,40.9
Barrios de Luna,Embalse de Barrios de Luna,Luna,Duero,42.8497549,-5.8637585,311,73,23.5
Burgomillodo,Embalse de Burgomillodo,Duratón,Duero,41.3315989,-3.880167,14,8,57.1
Camporredondo,Embalse de Camporredondo,Carrión,Duero,42.9,-4.7166667,69,15,21.7
Casares de Arbas,Embalse de Casares de Arbas,Casares,Duero,42.927778,-5.758889,37,17,45.9
Castro,Embalse de Castro,Duero,Duero,41.5814768,-6.1676132,27,25,92.6
Castro de las Cogotas,Embalse de Castro de las Cogotas,Adaja,Duero,40.723889,-4.698333,58,22,37.9
Cernadilla,Embalse de Cernadilla,Tera,Duero,42.0124314,-6.5203088,255,38,14.9
Cervera,Embalse de Cervera,Rivera,Duero,42.866667,-4.528889,10,9,90.0
Compuerto,Embalse de Compuerto,Carrión,Duero,42.8789433,-4.8015285,95,23,24.2
Cuerda del Pozo,Embalse de Cuerda del Pozo,Duero,Duero,41.8546786,-2.7456298,249,128,51.4
Irueña,Embalse de Irueña,Águeda,Duero,40.4463,-6.5766,110,54,49.1
Linares del Arroyo,Embalse de Linares del Arroyo,Riaza,Duero,41.5060816,-3.5268841,54,20,37.0
El Pontón Alto,Embalse de El Pontón Alto,Eresma,Duero,40.9142742,-4.0318696,7,5,71.4
Porma-(Juan Benet),Embalse de Porma-(Juan Benet),Porma,Duero,42.9488854,-5.2815051,318,122,38.4
Puente Porto,Embalse de Puente Porto,Segundera,Duero,42.1130422,-6.83376,23,2,8.7
Rábanos,Embalse de Rábanos,Duero,Duero,41.7264342231568,2.4518845045754,8,8,100.0
Requejada,Embalse de Requejada,Pisuerga,Duero,42.9155016,-4.4992928,59,33,55.9
Riaño,Embalse de Riaño,Esla,Duero,42.9705355,-5.0156456,641,239,37.3
Ricobayo,Embalse de Ricobayo,Esla,Duero,41.6588218,-5.8591247,1145,433,37.8
San José,Embalse de San José,Duero,Duero,41.4038271,-5.2730534,6,6,100.0
Santa Teresa,Embalse de Santa Teresa,Tormes,Duero,40.6690424,-5.6044606,496,233,47.0
Saucelle,Embalse de Saucelle,Duero,Duero,41.0872746,-6.7698536,181,176,97.2
Serones,Embalse de Serones,Voltoya,Duero,40.689722,-4.473889,6,6,100.0
Úzquiza,Embalse de Úzquiza,Arlanzón,Duero,42.3069973,-3.3477076,75,46,61.3
Valparaíso,Embalse de Valparaíso,Tera,Duero,41.9677297,-6.2933711,169,159,94.1
Las Vencías,Embalse de Las Vencías,Duratón,Duero,41.4201845,-3.9604246,5,4,80.0
Villagonzalo,Embalse de Villagonzalo,Tormes,Duero,40.8731953,-5.4951721,6,6,100.0
Villalcampo,Embalse de Villalcampo,Duero,Duero,41.491111,-6.085278,66,63,95.5
Villameca,Embalse de Villameca,Tuerto,Duero,42.6534432,-6.0778484,19,2,10.5
Aceña,Embalse de Aceña,Aceña,Tajo,40.6192838,-4.2211616,24,14,58.3
Alcántara,Embalse de Alcántara,Tajo,Tajo,39.73,-6.884722,3160,1764,55.8
Alcorlo,Embalse de Alcorlo,Bornova,Tajo,41.022516,-3.0250778,180,96,53.3
Almoguera,Embalse de Almoguera,Tajo,Tajo,40.275556,-2.9575,7,6,85.7
El Atance,Embalse de El Atance,Salado,Tajo,41.0954055,-2.7792261,35,18,51.4
El Atazar,Embalse de El Atazar,Lozoya,Tajo,40.9018994,-3.5433199,426,286,67.1
Azután,Embalse de Azután,Tajo,Tajo,39.7780137,-5.0884823,113,79,69.9
Baños,Embalse de Baños,Baños,Tajo,40.29054,-5.8894741,41,25,61.0
Beleña,Embalse de Beleña,Sorbe,Tajo,40.950963,-3.2018198,53,21,39.6
Bolarque,Embalse de Bolarque,Tajo,Tajo,40.3637929600671,-2.81585645197501,31,27,87.1
Borbollon,Embalse de Borbollon,Árrago,Tajo,40.141467,-6.5543199,88,38,43.2
Buendía,Embalse de Buendía,Guadiela,Tajo,40.4132674480319,-2.72240670641006,1705,797,46.7
Burguillo - Puente Nuevo,Embalse de Burguillo - Puente Nuevo,Alberche,Tajo,40.4234346,-4.5817889,201,89,44.3
Cáceres - Guadiloba,Embalse de Cáceres - Guadiloba,Guadiloba,Tajo,39.4859827,-6.2867284,20,10,50.0
Castrejón,Embalse de Castrejón,Tajo,Tajo,39.8585834,-4.2871904,44,43,97.7
"Castro, El","Embalse de Castro, El",Algodor,Tajo,39.8079,-3.7514,8,3,37.5
Cazalegas,Embalse de Cazalegas,Alberche,Tajo,40.0169519,-4.6993044,7,6,85.7
Cedillo,Embalse de Cedillo,Tajo,Tajo,39.666759981849,-7.53050026604892,260,253,97.3
Entrepeñas,Embalse de Entrepeñas,Tajo,Tajo,40.5136201,-2.7307058,813,487,59.9
Finisterre,Embalse de Finisterre,Algodor,Tajo,39.6192717,-3.6876803,133,24,18.0
Gabriel y Galán,Embalse de Gabriel y Galán,Alagón,Tajo,40.2819282,-6.1288426,911,340,37.3
Guajaraz,Embalse de Guajaraz,Guajaraz,Tajo,39.7957553,-4.0894544,18,15,83.3
Guijo de Granadilla,Embalse de Guijo de Granadilla,Alagón,Tajo,40.1928553,-6.1639671,13,12,92.3
La Jarosa,Embalse de La Jarosa,La Jarosa,Tajo,40.6690996,-4.1219537,7,3,42.9
Jerte - Plasencia,Embalse de Jerte - Plasencia,Jerte,Tajo,40.0776825,-6.0136694,59,29,49.2
Molino de Chincha,Embalse de Molino de Chincha,Guadiela,Tajo,40.5441727052279,-2.16835837509503,6,5,83.3
Navacerrada,Embalse de Navacerrada,Navacerrada,Tajo,40.7187095,-4.0069802,11,4,36.4
Navalcán,Embalse de Navalcán,Guayerbas,Tajo,40.0352162,-5.1145455,34,20,58.8
Navamuño,Embalse de Navamuño,Angostura,Tajo,40.3431491,-5.7817325,14,6,42.9
Pálmaces,Embalse de Pálmaces,Cañamares,Tajo,41.0593077,-2.9163471,31,19,61.3
El Pardo,Embalse de El Pardo,Manzanares,Tajo,40.538611,-3.786944,43,13,30.2
Picadas,Embalse de Picadas,Alberche,Tajo,40.3332076,-4.2491977,15,11,73.3
Pinilla,Embalse de Pinilla,Lozoya,Tajo,40.9392529,-3.7955506,38,17,44.7
Portaje,Embalse de Portaje,Fresnedilla,Tajo,39.8772877,-6.527643,23,16,69.6
La Portiña,Embalse de La Portiña,Portiña,Tajo,40.0001945,-4.8423417,5,2,40.0
Puentes Viejas,Embalse de Puentes Viejas,Lozoya,Tajo,40.9931645,-3.5709094,53,32,60.4
Riosequillo,Embalse de Riosequillo,Lozoya,Tajo,40.9830271,-3.6509177,50,32,64.0
Rivera de Gata,Embalse de Rivera de Gata,Rivera de Gata,Tajo,40.0663136276903,-6.6691687765364,49,8,16.3
Rosarito,Embalse de Rosarito,Tiétar,Tajo,40.1032226,-5.3076366,82,11,13.4
Salor,Embalse de Salor,Salor,Tajo,39.3541485830414,-6.28382202672256,14,7,50.0
San Juan,Embalse de San Juan,Alberche,Tajo,40.3867776,-4.3449529,138,71,51.4
Santillana,Embalse de Santillana,Manzanares,Tajo,40.7183943,-3.8697527,91,52,57.1
La Tajera,Embalse de La Tajera,Tajuña,Tajo,40.8549702,-2.6003235,64,33,51.6
Torcón,Embalse de Torcón,Torcón,Tajo,39.7667868188369,-4.41306706786682,7,3,42.9
Torrejón (Tajo - Tietar),Embalse de Torrejón (Tajo - Tietar),Tiétar,Tajo,40.1956649164494,-4.8739305422929,188,153,81.4
El Vado,Embalse de El Vado,Jarama,Tajo,41.0034172,-3.3008706,56,16,28.6
Valdecañas,Embalse de Valdecañas,Tajo,Tajo,39.8189578,-5.4201377,1446,790,54.6
Valdeobispo,Embalse de Valdeobispo,Alagón,Tajo,40.1168156,-6.2389221,53,50,94.3
Valmayor,Embalse de Valmayor,Aulencia,Tajo,40.5458978,-4.0567709,124,84,67.7
El Vellón (Pedrezuela),Embalse de El Vellón (Pedrezuela),Guadalix,Tajo,40.7619893,-3.6244392,41,33,80.5
El Villar,Embalse de El Villar,Lozoya,Tajo,40.9474275,-3.5630884,23,15,65.2
El Aguijón,Embalse de El Aguijón,Alcarrache,Guadiana,38.1286111,-2.7758333,11,10,90.9
Alange,Embalse de Alange,Matachel,Guadiana,38.7478671,-6.2482149,852,434,50.9
Alcollarín,Embalse de Alcollarín,Alcollarín,Guadiana,39.2472299,-5.7484747,52,19,36.5
Andévalo,Embalse de Andévalo,Malagón,Guadiana,37.6753112,-7.179026,634,538,84.9
Boquerón,Embalse de Boquerón,Rosal,Guadiana,39.1728495281979,-6.42720979818816,6,4,66.7
Brovales,Embalse de Brovales,Brovales,Guadiana,38.3558277,-6.6945568,7,4,57.1
Búrdalo,Embalse de Búrdalo,Búrdalo,Guadiana,39.1467077899557,-5.9623467648986,79,22,27.8
Canchales,Embalse de Canchales,Lácara,Guadiana,37.1569777,-3.4687701,26,19,73.1
Cancho del Fresno,Embalse de Cancho del Fresno,Ruecas,Guadiana,39.4020651,-5.3874113,15,12,80.0
Chanza,Embalse de Chanza,Chanza,Guadiana,37.5584663,-7.5207942,338,194,57.4
Cijara,Embalse de Cijara,Guadiana,Guadiana,39.3244044,-4.8909681,1505,1138,75.6
Cornalbo,Embalse de Cornalbo,Albarregas,Guadiana,38.9883478,-6.1910614,3,2,66.7
Cubilar,Embalse de Cubilar,Cubilar,Guadiana,37.2765577,-3.6711972,6,5,83.3
El Vicario,Embalse de El Vicario,Guadiana,Guadiana,39.059722,-3.995556,32,19,59.4
García de Sola,Embalse de García de Sola,Guadiana,Guadiana,39.1682283294725,-5.21867504845419,554,267,48.2
Gargáligas,Embalse de Gargáligas,Gargáligas,Guadiana,39.0527721,-5.6523679,21,14,66.7
Gasset,Embalse de Gasset,Becea,Guadiana,39.1420809,-3.9546877,39,25,64.1
Horno Tejero,Embalse de Horno Tejero,Lácara,Guadiana,39.1563553,-6.431699,24,13,54.2
La Cabezuela,Embalse de La Cabezuela,Jabalón,Guadiana,38.7143280356693,-3.25317552830371,43,23,53.5
La Colada,Embalse de La Colada,Guadamatilla,Guadiana,38.5475,-5.0093,58,47,81.0
La Serena,Embalse de La Serena,Zújar,Guadiana,38.9285143,-5.2214477,3219,2631,81.7
Llerena,Embalse de Llerena,Conejo,Guadiana,38.3087412,-5.9105957,8,7,87.5
Los Molinos,Embalse de Los Molinos,Matachel,Guadiana,38.5133912654302,-6.11230521683746,34,30,88.2
Montijo,Embalse de Montijo,Guadiana,Guadiana,38.933125,-6.4090668,11,11,100.0
Nogales,Embalse de Nogales,Nogales,Guadiana,38.5570713159997,-6.73067026391768,18,12,66.7
Orellana,Embalse de Orellana,Guadiana,Guadiana,39.0324017,-5.3965729,808,593,73.4
Peñarroya,Embalse de Peñarroya,Guadiana,Guadiana,39.0346779871601,-2.96199078698037,51,44,86.3
Piedra Aguda,Embalse de Piedra Aguda,Olivenza,Guadiana,38.6630572,-7.0296822,16,12,75.0
Proserpina,Embalse de Proserpina,Pardilla,Guadiana,38.969544,-6.366433,5,4,80.0
Pto. Vallehermoso,Embalse de Pto. Vallehermoso,Azuer,Guadiana,38.8614509645976,-3.16267524939947,7,6,85.7
Ruecas,Embalse del Ruecas,Ruecas,Guadiana,39.2829457084821,-5.47769001359411,42,28,66.7
Sierra Brava,Embalse de Sierra Brava,Pizarroso,Guadiana,39.2315102,-5.6300233,233,82,35.2
Tentudia,Embalse de Tentudia,Bodión,Guadiana,38.0935964,-6.3179551,5,4,80.0
Torre de Abrahán,Embalse de Torre de Abrahán,Bullaque,Guadiana,39.3745771,-4.2477779,183,134,73.2
Valuengo,Embalse de Valuengo,Ardila,Guadiana,38.3048965,-6.6678214,20,7,35.0
Vega del Jabalón,Embalse de Vega del Jabalón,Jabalón,Guadiana,38.8288405024577,-3.93834886181352,34,12,35.3
Villalba de los Barros,Embalse de Villalba de los Barros,Guadajira,Guadiana,38.5820754,-6.5051827,106,94,88.7
Villar del Rey,Embalse de Villar del Rey,Zapatón,Guadiana,39.1319915,-6.8478307,131,95,72.5
Zújar,Embalse de Zújar,Zújar,Guadiana,38.916944,-5.478889,302,260,86.1
Corumbel Bajo,Embalse de Corumbel Bajo,Corumbel,"Tinto, Odiel y Piedras",37.4390078,-6.5576553,19,13,68.4
Jarrama,Embalse de Jarrama,Jarrama,"Tinto, Odiel y Piedras",37.6675839,-6.5094369,43,26,60.5
Los Machos,Embalse de Los Machos,Piedras,"Tinto, Odiel y Piedras",37.3550949248481,-7.2544986479835,12,3,25.0
Odiel,Embalse de Odiel,Odiel,"Tinto, Odiel y Piedras",37.4699852233098,-6.74990954008527,8,7,87.5
Olivargas,Embalse de Olivargas,Olivargas,"Tinto, Odiel y Piedras",37.7195741,-6.8123247,29,22,75.9
Piedras,Embalse de Piedras,Piedras,"Tinto, Odiel y Piedras",37.386156,-7.2679832,60,26,43.3
Sancho,Embalse de Sancho,Meca,"Tinto, Odiel y Piedras",37.4793975,-7.0216191,58,48,82.8
Almodóvar,Embalse de Almodóvar,Almodóvar,Guadalete-Barbate,36.1560848,-5.6444806,6,3,50.0
Arcos de la Frontera,Embalse de Arcos de la Frontera,Guadalete,Guadalete-Barbate,36.7638075,-5.7892476,14,13,92.9
Barbate,Embalse de Barbate,Barbate,Guadalete-Barbate,36.381161,-5.7141879,228,157,68.9
Bornos,Embalse de Bornos,Guadalete,Guadalete-Barbate,36.8117195,-5.7141879,200,129,64.5
Celemín,Embalse de Celemín,Celemín,Guadalete-Barbate,36.3063696,-5.7536812,45,33,73.3
Guadalcacín II,Embalse de Guadalcacín II,Majaceite,Guadalete-Barbate,36.6333463680494,-5.7016050421496,800,675,84.4
Los Hurones,Embalse de Los Hurones,Majaceite,Guadalete-Barbate,36.6872725,-5.5341696,135,87,64.4
Zahara-El Gastor,Embalse de Zahara-El Gastor,Guadalete,Guadalete-Barbate,36.841141,-5.3704009,223,146,65.5
Agrio (Aznalcollar),Embalse de Agrio (Aznalcollar),Agrio,Guadalquivir,37.5191373,-6.2681327,20,16,80.0
Aguascebas,Embalse de Aguascebas,Aguascebas,Guadalquivir,38.0440983,-2.9506893,6,3,50.0
Aracena,Embalse de Aracena,Rivera de Huelva,Guadalquivir,37.9205421,-6.4583355,129,103,79.8
Arenoso,Embalse de Arenoso,Arenoso,Guadalquivir,40.0938706,-0.5596874,167,116,69.5
Bembézar,Embalse de Bembézar,Bembézar,Guadalquivir,37.977222,-5.302278,328,254,77.4
Bermejales,Embalse de Bermejales,Cacín,Guadalquivir,36.9846076,-3.8884417,91,61,67.0
La Bolera,Embalse de La Bolera,Guadalentín,Guadalquivir,37.7799373,-2.8963776,54,25,46.3
La Breña II,Embalse de La Breña II,Guadiato,Guadalquivir,37.845556,-5.050556,823,627,76.2
Cala,Embalse de Cala,Rivera de Cala,Guadalquivir,37.7113698,-6.1043336,59,28,47.5
Canales,Embalse de Canales,Genil,Guadalquivir,37.1569777,-3.4687701,70,57,81.4
Colomera,Embalse de Colomera,Colomera,Guadalquivir,37.4031614,-3.7193936,40,31,77.5
Cubillas,Embalse de Cubillas,Cubillas,Guadalquivir,37.2765577,-3.6711972,14,7,50.0
El Portillo,Embalse de El Portillo,Castril,Guadalquivir,37.805833,-2.788889,31,29,93.5
La Fernandina,Embalse de La Fernandina,Guarrizas,Guadalquivir,38.2070039,-3.5736771,247,177,71.7
Francisco Abellán,Embalse de Francisco Abellán,Fardes,Guadalquivir,37.3076425,-3.2703078,58,25,43.1
Fresneda,Embalse de Fresneda,Fresneda,Guadalquivir,38.5406973804847,-3.61862802771065,19,15,78.9
Gergal,Embalse de Gergal,Rivera de Huelva,Guadalquivir,37.570278,-6.049167,35,23,65.7
Giribaile,Embalse de Giribaile,Guadalimar,Guadalquivir,38.1100868,-3.4624575,491,341,69.5
Guadalén,Embalse de Guadalén,Guadalén,Guadalquivir,38.1890877,-3.4675075,163,72,44.2
Guadalmellato,Embalse de Guadalmellato,Guadalmellato,Guadalquivir,38.068056,-4.689167,145,119,82.1
Guadalmena,Embalse de Guadalmena,Guadalmena,Guadalquivir,38.3939057,-2.9051132,345,270,78.3
Huesna,Embalse de Huesna,Rivera de Huesna,Guadalquivir,37.7834728470249,-5.68847713732673,135,91,67.4
Iznájar,Embalse de Iznájar,Genil,Guadalquivir,37.258424,-4.3282595,920,673,73.2
Jándula,Embalse de Jándula,Jándula,Guadalquivir,38.2587298,-3.9342953,325,180,55.4
José Torán,Embalse de José Torán,Guadalbarcar,Guadalquivir,37.7480606,-5.4845959,101,57,56.4
Martín Gonzalo,Embalse de Martín Gonzalo,Martín Gonzalo,Guadalquivir,38.1018411,-4.3301854,20,13,65.0
Los Melonares,Embalse de Los Melonares,Viar,Guadalquivir,37.765257,-5.890794,186,159,85.5
La Minilla,Embalse de La Minilla,Rivera de Huelva,Guadalquivir,37.6893836,-6.1957953,58,31,53.4
Montoro,Embalse de Montoro,Montoro,Guadalquivir,38.0226527,-4.3834962,105,93,88.6
Negratín,Embalse de Negratín,Guadiana Menor,Guadalquivir,37.5928463,-2.8315345,571,334,58.5
El Pintado,Embalse de El Pintado,Viar,Guadalquivir,37.9869909,-5.9554931,215,166,77.2
Puebla de Cazalla,Embalse de Puebla de Cazalla,Carbones,Guadalquivir,37.1223564,-5.2201428,63,38,60.3
Puente Nuevo,Embalse de Puente Nuevo,Guadiato,Guadalquivir,38.1022203,-4.9402863,281,209,74.4
Quéntar,Embalse de Quéntar,Aguas Blancas,Guadalquivir,37.2081452,-3.4340605,14,3,21.4
Quiebrajano,Embalse de Quiebrajano,Quiebrajano,Guadalquivir,37.6292053,-3.7270077,33,27,81.8
Retortillo,Embalse de Retortillo,Retortillo,Guadalquivir,37.8522348,-5.3717092,61,42,68.9
Rumblar,Embalse de Rumblar,Rumblar,Guadalquivir,38.1911604,-3.7854209,140,81,57.9
San Clemente,Embalse de San Clemente,Guardal,Guadalquivir,37.8666913,-2.6462262,117,21,17.9
San Rafael de Navallana,Embalse de San Rafael de Navallana,Guadalmellato,Guadalquivir,37.9896207,-4.6256661,160,74,46.2
Sierra Boyera,Embalse de Sierra Boyera,Guadiato,Guadalquivir,38.2744896,-5.2488573,39,29,74.4
Siles,Embalse de Siles,Guadalimar,Guadalquivir,38.405301761574,-2.60556982434747,30,21,70.0
Torre del Águila,Embalse de Torre del Águila,Salado,Guadalquivir,37.0524002,-5.7518088,48,8,16.7
Tranco de Beas,Embalse de Tranco de Beas,Guadalquivir,Guadalquivir,38.1286111,-2.7758333,506,364,71.9
Vadomojón,Embalse de Vadomojón,Guadajoz,Guadalquivir,37.6350312,-4.2256464,146,115,78.8
Víboras,Embalse de Víboras,Víboras,Guadalquivir,37.6381932656207,-3.98761741964581,17,8,47.1
Yeguas,Embalse de Yeguas,Yeguas,Guadalquivir,38.080556,-4.230556,229,176,76.9
Zufre,Embalse de Zufre,Rivera de Huelva,Guadalquivir,37.8275653,-6.297357,175,134,76.6
Benínar,Embalse de Benínar,Grande de Adra,Cuenca Mediterránea Andaluza,36.8825,-3.025278,63,10,15.9
Béznar,Embalse de Béznar,Izbor,Cuenca Mediterránea Andaluza,36.921389,-3.552222,53,36,67.9
Casasola,Embalse de Casasola,Campanillas,Cuenca Mediterránea Andaluza,36.8081341064868,-4.49235673083119,22,7,31.8
Charco Redondo,Embalse de Charco Redondo,Palmones,Cuenca Mediterránea Andaluza,36.253889,-5.565,82,50,61.0
Concepción,Embalse de Concepción,Verde de Marbella,Cuenca Mediterránea Andaluza,36.548231,-4.9623639,62,30,48.4
Conde Guadalhorce,Embalse de Conde Guadalhorce,Turón,Cuenca Mediterránea Andaluza,36.7100573211009,-4.57549907665795,66,41,62.1
Cuevas de Almanzora,Embalse de Cuevas de Almanzora,Almanzora,Cuenca Mediterránea Andaluza,37.3315192,-1.8964922,161,15,9.3
Guadalhorce-Guadalteba,Embalse de Guadalhorce-Guadalteba,Gudalhorce-Guadalteba,Cuenca Mediterránea Andaluza,36.9551122,-4.8391015,279,250,89.6
Guadarranque,Embalse de Guadarranque,Guadarranque,Cuenca Mediterránea Andaluza,36.318611,-5.468333,88,67,76.1
Limonero,Embalse de Limonero,Guadalmedina,Cuenca Mediterránea Andaluza,36.7703091,-4.4317144,22,14,63.6
Rules,Embalse de Rules,Guadalfeo,Cuenca Mediterránea Andaluza,36.8598329,-3.4953143,111,91,82.0
La Viñuela,Embalse de La Viñuela,Guaro,Cuenca Mediterránea Andaluza,36.8785087,-4.1692941,165,139,84.2
Alfonso XIII,Embalse de Alfonso XIII,Quípar,Segura,38.2146862,-1.6044591,22,0,0.0
Algeciras,Embalse de Algeciras,Algeciras,Segura,37.8921029,-1.3915491,45,8,17.8
Anchuricas,Embalse de Anchuricas,Segura,Segura,38.1958611,-2.5430087,6,1,16.7
Argos,Embalse de Argos,Argos,Segura,38.1685604,-1.7398895,10,6,60.0
Camarillas,Embalse de Camarillas,Mundo,Segura,38.3605308,-1.6347878,36,9,25.0
Cenajo,Embalse de Cenajo,Segura,Segura,38.3722005,-1.8257384,437,256,58.6
La Cierva,Embalse de La Cierva,Mula,Segura,38.0611831,-1.4865835,7,4,57.1
Crevillente,Embalse de Crevillente,Rambla de Bosch,Segura,38.2446844,-0.8113636,13,8,61.5
Fuensanta,Embalse de Fuensanta,Segura,Segura,38.4066732,-2.2642702,210,152,72.4
La Pedrera,Embalse de La Pedrera,Dep.Arr.Grande,Segura,38.0338723,-0.8710856,246,88,35.8
Puentes,Embalse de Puentes,Guadalentín,Segura,37.7348846,-1.8192702,26,12,46.2
Santomera,Embalse de Santomera,Rambla Salada,Segura,38.0953218,-1.0885631,26,2,7.7
Taibilla,Embalse de Taibilla,Taibilla,Segura,38.1930152,-2.2615004,9,8,88.9
Talave,Embalse de Talave,Mundo,Segura,38.5094017,-1.8781829,35,8,22.9
Valdeinfierno,Embalse de Valdeinfierno,Alcaide,Segura,37.8109247,-1.9710284,12,0,0.0
Alarcón,Embalse de Alarcón,Júcar,Júcar,39.6539699,-2.2162882,1118,798,71.4
Algar,Embalse de Algar,Palancia,Júcar,39.7879092,-0.3765436,6,0,0.0
Amadorio,Embalse de Amadorio,Amadorio,Júcar,38.535209,-0.2632115,16,4,25.0
Arenós,Embalse de Arenós,Mijares,Júcar,40.0938706,-0.5596874,137,52,38.0
Arquillo de San Blas,Embalse de Arquillo de San Blas,Turia,Júcar,40.3718676,-1.2295586,21,14,66.7
Bellús,Embalse de Bellús,Albaida,Júcar,38.9312654,-0.4755993,69,11,15.9
Benagéber,Embalse de Benagéber,Turia,Júcar,39.7419003,-1.1137191,221,80,36.2
Beniarrés,Embalse de Beniarrés,Serpis,Júcar,38.8149329,-0.3561709,27,6,22.2
Buseo,Embalse de Buseo,Sot de Chera,Júcar,39.594722,-0.938611,8,1,12.5
Contreras,Embalse de Contreras,Cabriel,Júcar,39.5928206,-1.5232832,361,247,68.4
Cortes II,Embalse de Cortes II,Júcar,Júcar,39.2620263,-0.9183368,118,109,92.4
El Naranjero,Embalse de El Naranjero,Júcar,Júcar,39.275282,-0.8609602,29,22,75.9
Escalona,Embalse de Escalona,Escalona,Júcar,39.1281706,-0.7063724,99,5,5.1
Forata,Embalse de Forata,Magro,Júcar,39.3420541,-0.8663219,37,17,45.9
Guadalest,Embalse de Guadalest,Guadalest,Júcar,38.6836086,-0.2004374,13,3,23.1
La Muela,Embalse de La Muela,Júcar,Júcar,39.2620263,-0.9183368,20,10,50.0
La Toba,Embalse de La Toba,Júcar,Júcar,40.2082812,-1.9068708,10,4,40.0
Loriguilla,Embalse de Loriguilla,Turia,Júcar,39.675286,-0.9187842,73,22,30.1
María Cristina,Embalse de María Cristina,Rambla Viuda,Júcar,40.0356395,-0.1606176,18,5,27.8
Regajo,Embalse de Regajo,Palancia,Júcar,39.8933544,-0.5275546,6,2,33.3
Sichar,Embalse de Sichar,Mijares,Júcar,40.0156221,-0.2420576,49,15,30.6
Tous - La Ribera,Embalse de Tous - La Ribera,Júcar,Júcar,39.145556,-0.66,379,42,11.1
Ulldecona,Embalse de Ulldecona,Cenia,Júcar,40.670833,0.231111,11,7,63.6
Albiña,Embalse de Albiña,Albiña,Ebro,43.0027839,-2.6276116,5,3,60.0
Alcañiz (Estanca),Embalse de Alcañiz (Estanca),Guadalope,Ebro,41.0510353,-0.1335373,7,6,85.7
Alloz,Embalse de Alloz,Salado,Ebro,42.7218764,-1.936573,66,21,31.8
Barasona,Embalse de Barasona,Ésera,Ebro,42.1411111,0.3261111,85,14,16.5
Baserca,Embalse de Baserca,Noguera-Ribagorzana,Ebro,42.5913193,0.7615995,22,13,59.1
Búbal,Embalse de Búbal,Gállego,Ebro,42.7010756,-0.312503,63,3,4.8
Calanda,Embalse de Calanda,Guadalope,Ebro,40.9067308,-0.2092267,54,26,48.1
Camarasa,Embalse de Camarasa,Noguera-Pallaresa,Ebro,41.9350644,0.8567905,163,85,52.1
Canelles,Embalse de Canelles,Noguera-Ribagorzana,Ebro,41.9784145,0.61246,679,313,46.1
Cañón de Santolea,Embalse del Cañón de Santolea,Guadalupe,Ebro,40.7564462,-0.3538888,82,15,18.3
Caspe,Embalse de Caspe,Guadalope,Ebro,41.1212587,-0.0244872,82,51,62.2
Cavallers,Embalse de Cavallers,Noguera de Tort,Ebro,42.5906494,0.8567905,16,12,75.0
Certescáns,Embalse de Certescáns,Certescáns,Ebro,42.703887,1.3065128,16,8,50.0
Ciurana,Embalse de Ciurana,Ciurana,Ebro,41.2508273,0.9126746,12,9,75.0
Cueva Foradada,Embalse de Cueva Foradada,Martín,Ebro,40.9704816,-0.6950987,22,16,72.7
Ebro,Embalse de Ebro,Ebro,Ebro,43.0206347,-3.9164585,541,287,53.0
Enciso,Embalse de Enciso,Cidacos,Ebro,42.1426477081533,-2.27923341045313,46,18,39.1
Escales,Embalse de Escales,Noguera-Ribagorzana,Ebro,42.3259265,0.742902,152,124,81.6
Eúgui,Embalse de Eúgui,Arga,Ebro,42.9790958,-1.5172315,21,10,47.6
Flix,Embalse de Flix,Ebro,Ebro,41.235,0.5526,11,10,90.9
González Lacasa,Embalse de González Lacasa,Albercos,Ebro,42.173919,-2.672878,33,7,21.2
El Grado,Embalse de El Grado,Cinca,Ebro,42.313333,0.210833,400,166,41.5
Guiamets,Embalse de Guiamets,Asmat,Ebro,41.0954794,0.7598168,10,7,70.0
Ip,Embalse de Ip,Barranco de Ip,Ebro,42.7204180136845,-0.45648767763092,5,2,40.0
Irabia,Embalse de Irabia,Irati,Ebro,42.9900764,-1.1466976,14,3,21.4
Itoiz,Embalse de Itoiz,Irati,Ebro,42.8014564,-1.3635333,417,137,32.9
Lanuza,Embalse de Lanuza,Gállego,Ebro,42.75,-0.3,17,3,17.6
Las Fitas,Embalse de Las Fitas,Barranco Carnerario,Ebro,41.7975,-0.0597,9,5,55.6
Laverné,Embalse de Laverné,Barranco Vitale,Ebro,42.0805793,-1.075377,38,10,26.3
Lechago,Embalse de Lechago,Pancrudo,Ebro,40.9586292,-1.2728557,18,11,61.1
Llauset,Embalse de Llauset,Llauset,Ebro,42.5838189,0.6885733,17,9,52.9
La Loteta,Embalse de La Loteta,Derivación Canal Imperial,Ebro,41.8189369,-1.3240277,104,7,6.7
Maidevera,Embalse de Maidevera,Aranda,Ebro,41.5815582,-1.7575326,20,13,65.0
Mansilla,Embalse de Mansilla,Najerilla,Ebro,42.15,-2.95,68,22,32.4
Mediano,Embalse de Mediano,Cinca,Ebro,42.3420153,0.1939932,435,74,17.0
Mequinenza,Embalse de Mequinenza,Ebro,Ebro,41.3835966,0.1237623,1373,789,57.5
Moneva,Embalse de Moneva,Aguas Vivas,Ebro,41.1660616,-0.8329718,8,4,50.0
Monteagudo,Embalse de Monteagudo,Nájima,Ebro,41.3883333,-2.1819444,10,7,70.0
Montearagón,Embalse de Montearagón,Flumen,Ebro,42.1535225,-0.3443688,52,25,48.1
Nagore,Embalse de Nagore,Urrobi,Ebro,42.8533433,-1.3755931,5,3,60.0
Oliana,Embalse de Oliana,Segre,Ebro,42.1189708,1.3071642,84,40,47.6
Pajares,Embalse de Pajares,Lumbreras,Ebro,42.0821421,-2.6028036,35,15,42.9
Las Parras,Embalse de Las Parras,Martín,Ebro,40.8255265,-0.9201274,5,3,60.0
Pena,Embalse de Pena,Pena,Ebro,40.8132933,0.12961,18,12,66.7
La Peña,Embalse de La Peña,Gállego,Ebro,42.3833333,-0.7166667,15,9,60.0
Puente de Santolea,Embalse de Puente de Santolea,Guadalope,Ebro,40.7472972,-0.3580665,18,18,100.0
Rialb,Embalse de Rialb,Segre,Ebro,41.9399743,1.1933618,404,206,51.0
Ribarroja,Embalse de Ribarroja,Ebro,Ebro,41.2436599,0.4327914,210,203,96.7
Sallente,Embalse de Sallente,Flamisell,Ebro,42.503113,0.9908288,6,1,16.7
San Bartolomé,Embalse de San Bartolomé,Arba,Ebro,42.216303,-1.1514966,6,3,50.0
San Lorenzo,Embalse de San Lorenzo,Segre,Ebro,41.8548,0.837,10,9,90.0
San Salvador,Embalse de San Salvador,Arroyo la Clamor,Ebro,41.7806104,0.1976587,137,49,35.8
Santa Ana,Embalse de Santa Ana,Noguera-Ribagorzana,Ebro,41.9007222,0.5991042,237,122,51.5
Santa María de Belsué,Embalse de Santa María de Belsué,Flumen,Ebro,42.3060248696357,-0.347810306047974,14,1,7.1
Santolea,Embalse de Santolea,Guadalope,Ebro,40.755,-0.3258333,5,3,60.0
Sistema Aguas Limpias,Embalse de Sistema Aguas Limpias,Aguas Limpias,Ebro,41.848661590286,-1.65764633660542,18,6,33.3
Sistema Alto Caldarés,Embalse de Sistema Alto Caldarés,Caldarés,Ebro,42.768745084792,-0.230915501436636,18,4,22.2
Sistema Capdella,Embalse de Sistema Capdella,Flamisell,Ebro,39.5787022,2.4692829,50,30,60.0
Sistema Escarra,Embalse de Sistema Escarra,Escarra,Ebro,42.7410076865582,-0.361490351735927,5,1,20.0
Sistema Lagos Espot,Embalse de Sistema Lagos Espot,Espot,Ebro,42.5758342,1.0879541,10,9,90.0
Sistema Valle de Arán,Embalse de Sistema Valle de Arán,Valartíes,Ebro,42.7439754,0.7913227,22,9,40.9
Sobrón,Embalse de Sobrón,Ebro,Ebro,42.759444,-3.155278,20,17,85.0
Sotonera,Embalse de Sotonera,Sotón,Ebro,42.1107767,-0.682049,189,38,20.1
Terradets,Embalse de Terradets,Noguera-Pallaresa,Ebro,42.0677778,0.8891667,33,31,93.9
Terroba,Embalse de Terroba,Leza,Ebro,42.2580359,-2.4446549,8,1,12.5
Las Torcas,Embalse de Las Torcas,Huerva,Ebro,41.2888427,-1.0951427,7,2,28.6
La Tranquera,Embalse de La Tranquera,Piedra,Ebro,41.2382131,-1.784315,82,40,48.8
Tremp ó Talárn,Embalse de Tremp ó Talárn,Noguera-Pallaresa,Ebro,42.1861584,0.8999973,227,97,42.7
Ullivarri,Embalse de Ullivarri,Zadorra,Ebro,42.9250658,-2.5718122,146,91,62.3
Urdalur,Embalse de Urdalur,Alzama,Ebro,42.9144488,-2.2365821,6,3,50.0
Urdiceto,Embalse de Urdiceto,Urdiceto,Ebro,42.677114,0.271321,5,2,40.0
Urrunaga,Embalse de Urrunaga,Sta.Engracia,Ebro,42.976738,-2.6511914,72,42,58.3
Vadiello,Embalse de Vadiello,Guatizalema,Ebro,42.2423876,-0.2752098,16,7,43.8
El Val,Embalse de El Val,Val,Ebro,38.1286111,-2.7758333,24,11,45.8
Valdepatao,Embalse de Valdepatao,Cinca,Ebro,41.5017605722193,0.0608397079802383,6,1,16.7
Yesa,Embalse de Yesa,Aragón,Ebro,42.6069069,-1.1041302,447,62,13.9
Boadella,Embalse de Boadella,Muga,Cuencas Internas de Cataluña,42.3481674,2.8215666,61,38,62.3
La Baells,Embalse de La Baells,Llobregat,Cuencas Internas de Cataluña,42.1358767,1.8720815,109,77,70.6
La Llosa del Cavall,Embalse de La Llosa del Cavall,Cardener,Cuencas Internas de Cataluña,42.1195448,1.6038527,80,60,75.0
Riudecanyes,Embalse de Riudecanyes,Riudecanyes,Cuencas Internas de Cataluña,41.1336068,0.9589598,5,2,40.0
Sant Pons,Embalse de Sant Pons,Cardener,Cuencas Internas de Cataluña,41.9717308,1.6020337,24,20,83.3
Sau,Embalse de Sau,Ter,Cuencas Internas de Cataluña,41.9717273,2.3887675,165,113,68.5
Susqueda,Embalse de Susqueda,Ter,Cuencas Internas de Cataluña,41.9794496,2.5273756,233,184,79.0
