Fecha,Ámbitos,Total,Actual,Año anterior,Media 5 años,Media 10 años,%_actual,%_año_anterior,%_decada
2026-10-05,Cantábrico Oriental,73,42,50,53,53,57.53,68.49,72.6
2026-10-05,Cantábrico Occidental,485,276,303,320,334,56.91,62.47,68.87
2026-10-05,Miño - Sil,3030,1671,1929,1662,1657,55.15,63.66,54.69
2026-10-05,Galicia Costa,684,343,300,358,383,50.15,43.86,55.99
2026-10-05,Cuencas Internas del País Vasco,21,15,16,16,15,71.43,76.19,71.43
2026-10-05,Duero,7602,3715,4330,3574,3650,48.87,56.96,48.01
2026-10-05,Tajo,11056,5988,6809,5369,5149,54.16,61.59,46.57
2026-10-05,Guadiana,9538,6875,5538,3320,3747,72.08,58.06,39.28
2026-10-05,"Tinto, Odiel y Piedras",229,145,151,149,151,63.32,65.94,65.94
2026-10-05,Guadalete-Barbate,1651,1243,694,438,616,75.29,42.04,37.31
2026-10-05,Guadalquivir,8030,5546,3370,2193,2717,69.07,41.97,33.84
2026-10-05,Vertiente Atlántica,42399,25859,23490,17452,18472,60.99,55.4,43.57
2026-10-05,Cuenca Mediterránea Andaluza,1174,750,531,393,453,63.88,45.23,38.59
2026-10-05,Segura,1140,562,185,292,290,49.3,16.23,25.44
2026-10-05,Júcar,2846,1476,1389,1370,1188,51.86,48.81,41.74
2026-10-05,Ebro,7813,3546,4240,3692,3890,45.39,54.27,49.79
2026-10-05,Cuencas Internas de Cataluña,677,494,505,315,387,72.97,74.59,57.16
2026-10-05,Vertiente Mediterránea,13650,6828,6850,6062,6208,50.02,50.18,45.48
2026-10-05,TOTAL PENINSULAR,56049,32687,30340,23514,24680,58.32,54.13,44.03
