Capacidad actual,Año anterior,Media 5 años,Media 10 años,Date
43.7,51.3,50.7,56.9,2022-01-09
44.4,50.8,50.7,57.4,2022-01-16
45.3,50.0,50.5,57.8,2022-01-23
45.1,52.2,51.1,58.6,2022-01-30
44.8,55.4,52.2,59.8,2022-02-06
44.6,58.1,53.7,61.2,2022-02-13
44.3,62.3,55.1,62.5,2022-02-20
44.3,63.7,56.2,63.3,2022-02-27
44.0,64.4,56.6,63.8,2022-03-06
43.9,64.4,57.5,64.5,2022-03-13
44.1,64.2,59.1,65.8,2022-03-20
44.9,64.2,60.6,66.8,2022-03-27
46.8,63.3,60.8,67.1,2022-04-03
47.4,63.1,61.2,68.0,2022-04-10
47.8,62.4,61.5,68.5,2022-04-17
48.5,61.6,62.3,69.1,2022-04-24
49.6,60.9,62.8,69.6,2022-05-01
50.6,60.9,63.3,70.0,2022-05-08
50.7,60.7,63.4,70.3,2022-05-15
50.4,61.0,63.7,70.7,2022-05-22
50.1,60.6,63.6,70.5,2022-05-29
49.5,59.7,63.2,70.1,2022-06-05
49.0,59.2,62.8,69.7,2022-06-12
48.2,58.3,62.4,69.1,2022-06-19
47.1,57.7,61.8,68.4,2022-06-26
46.3,57.0,60.8,67.4,2022-07-03
45.3,55.4,59.5,66.1,2022-07-10
44.4,53.4,58.1,64.8,2022-07-17
43.2,51.7,56.9,63.4,2022-07-24
41.9,50.0,55.4,61.8,2022-07-31
40.4,48.5,53.8,60.2,2022-08-07
39.2,47.0,52.2,58.6,2022-08-14
37.9,45.4,50.9,57.2,2022-08-21
36.9,44.0,49.5,55.9,2022-08-28
35.9,42.6,48.2,54.6,2022-09-04
35.0,41.7,47.1,53.3,2022-09-11
34.2,40.9,46.0,52.2,2022-09-18
33.5,40.5,45.1,51.4,2022-09-25
32.5,40.3,44.4,50.6,2022-10-02
32.0,39.9,43.8,50.0,2022-10-09
31.7,39.6,43.3,49.7,2022-10-16
31.4,39.2,42.8,49.3,2022-10-23
31.8,38.8,43.0,49.3,2022-10-30
32.2,39.0,43.1,49.5,2022-11-06
32.4,39.6,43.4,50.0,2022-11-13
32.5,39.4,43.8,50.6,2022-11-20
32.9,39.1,44.1,50.8,2022-11-27
34.3,39.2,44.4,51.5,2022-12-04
34.3,40.0,45.1,51.9,2022-12-11
35.7,41.8,45.9,52.4,2022-12-18
42.0,42.3,46.7,52.9,2022-12-25
,,,,2023-01-02
46.3,43.7,49.2,55.0,2023-01-08
47.6,44.4,49.4,55.6,2023-01-15
48.5,45.3,49.5,56.1,2023-01-22
50.9,45.1,50.0,56.9,2023-01-29
51.3,44.8,51.1,58.0,2023-02-05
51.0,44.6,52.2,59.4,2023-02-12
50.7,44.3,53.1,60.7,2023-02-19
50.6,44.3,53.6,61.5,2023-02-26
50.7,44.0,53.8,61.9,2023-03-05
50.5,43.9,54.6,62.7,2023-03-12
51.2,44.1,56.1,63.9,2023-03-19
51.7,44.9,57.7,65.0,2023-03-26
51.7,46.8,58.3,65.6,2023-04-02
51.5,47.4,58.8,66.6,2023-04-09
51.2,47.8,59.1,67.0,2023-04-16
50.7,48.5,60.2,67.7,2023-04-23
50.1,49.6,61.0,68.3,2023-04-30
49.6,50.6,60.0,68.4,2023-05-01
,,,,2023-05-08
48.9,50.7,62.0,68.8,2023-05-14
48.2,50.4,62.1,69.0,2023-05-21
47.7,50.1,62.0,68.8,2023-05-28
47.5,49.5,61.6,68.4,2023-06-04
47.4,49.0,61.3,67.9,2023-06-11
47.5,48.2,60.9,67.4,2023-06-18
47.4,47.1,60.2,66.7,2023-06-25
47.2,46.3,59.3,65.7,2023-07-02
46.5,45.3,58.1,64.5,2023-07-09
45.8,44.4,56.7,63.2,2023-07-16
44.7,43.2,55.4,61.8,2023-07-23
43.4,41.9,53.9,60.3,2023-07-30
42.2,40.4,52.3,58.7,2023-08-06
41.1,39.2,50.8,57.2,2023-08-13
39.9,37.9,49.5,55.8,2023-08-20
38.8,36.9,48.1,54.5,2023-08-27
37.6,35.9,46.9,53.2,2023-09-03
37.0,35.0,45.7,51.9,2023-09-10
37.0,34.2,44.6,50.9,2023-09-17
36.8,33.5,43.8,50.1,2023-09-24
36.5,32.5,43.0,49.3,2023-10-01
35.3,31.7,42.0,48.3,2023-10-03
34.6,31.4,41.5,48.0,2023-10-10
35.6,31.8,41.8,48.0,2023-10-17
37.9,32.2,42.0,48.1,2023-10-24
41.7,32.4,42.4,48.4,2023-11-01
43.6,32.5,42.9,48.8,2023-11-08
43.7,32.9,43.3,49.0,2023-11-15
43.4,34.3,44.0,49.7,2023-11-22
43.4,34.3,44.0,49.7,2023-11-28
44.6,34.3,44.6,50.1,2023-12-05
45.7,35.7,45.7,50.7,2023-12-12
46.3,42.0,47.6,51.7,2023-12-19
46.1,44.3,49.8,52.8,2023-12-26
45.7,46.3,50.7,54.1,2024-01-02
45.2,48.5,50.9,55.4,2024-01-09
50.5,50.9,51.5,56.1,2024-01-16
50.8,51.3,53.0,56.9,2024-01-23
50.8,51.3,53.0,56.9,2024-01-30
50.1,51.0,54.0,58.1,2024-02-06
51.1,50.7,54.9,59.3,2024-02-13
52.1,50.6,55.2,60.0,2024-02-20
52.9,50.7,55.2,60.3,2024-02-27
54.7,50.5,55.3,60.9,2024-03-04
56.8,51.2,55.6,61.7,2024-03-11
57.8,51.7,56.0,62.5,2024-03-18
57.8,51.7,56.2,63.0,2024-03-25
63.1,51.5,56.3,63.5,2024-04-01
66.0,51.2,56.3,63.8,2024-04-08
66.6,50.7,56.6,64.3,2024-04-15
66.6,50.1,56.9,64.8,2024-04-22
65.9,49.6,57.5,65.1,2024-04-29
66.3,48.9,57.5,65.1,2024-05-06
66.3,48.2,57.4,65.3,2024-05-13
66.3,48.2,57.4,65.3,2024-05-20
66.3,47.7,57.2,65.0,2024-05-27
66.3,47.5,56.7,64.6,2024-06-03
65.7,47.4,56.3,64.1,2024-06-10
64.7,47.5,55.8,63.6,2024-06-17
64.3,47.4,55.1,63.0,2024-06-24
63.7,47.2,54.4,62.0,2024-07-01
62.7,46.5,53.2,60.8,2024-07-08
60.4,44.7,50.7,58.2,2024-07-15
58.8,43.4,49.2,56.7,2024-07-22
57.2,42.2,47.7,55.1,2024-07-29
55.4,41.1,46.3,53.6,2024-08-05
53.8,39.9,45.0,52.3,2024-08-12
52.3,38.8,43.7,51.0,2024-08-19
50.9,37.6,42.5,49.7,2024-08-26
49.5,37.0,41.6,48.6,2024-09-02
49.3,37.0,40.7,47.6,2024-09-09
48.6,36.8,40.1,46.9,2024-09-16
47.9,36.5,39.5,46.2,2024-09-23
47.8,35.9,39.0,45.6,2024-10-01
47.5,35.3,38.6,45.2,2024-10-07
48.5,34.6,38.0,44.6,2024-10-14
50.0,35.6,38.5,45.0,2024-10-21
50.0,37.9,39.2,45.3,2024-10-28
51.7,41.7,40.3,45.9,2024-11-04
51.2,43.6,40.9,46.5,2024-11-11
51.1,43.7,41.3,46.7,2024-11-18
51.1,43.4,41.8,47.4,2024-11-25
51.3,44.6,42.6,48.0,2024-12-02
51.5,45.7,43.9,48.7,2024-12-09
51.4,46.3,45.8,49.9,2024-12-16
,,,,2024-12-23
,,,,2024-12-30
,,,,2025-01-06
,,,,2025-01-13
,,,,2025-01-20
,,,,2025-01-27
,,,,2025-02-03
,,,,2025-02-10
58.0,51.1,53.5,56.2,2025-02-17
57.9,52.1,53.9,57.0,2025-02-25
58.0,52.9,54.1,57.4,2025-03-04
60.9,54.7,54.6,58.1,2025-03-10
65.8,56.8,55.2,59.2,2025-03-18
71.2,57.8,55.9,60.1,2025-03-25
72.9,57.8,56.1,60.6,2025-04-01
73.8,63.2,57.4,61.5,2025-04-08
74.0,66.0,58.0,62.0,2025-04-14
75.6,66.6,58.4,62.6,2025-04-21
76.4,66.6,58.5,63.1,2025-04-28
77.0,65.9,58.7,63.4,2025-05-05
77.1,66.3,58.6,63.5,2025-05-12
77.5,66.3,58.6,63.7,2025-05-19
77.5,66.3,58.3,63.4,2025-05-26
76.8,66.3,57.9,63.0,2025-06-02
76.4,65.7,57.5,62.5,2025-06-09
75.7,64.7,56.9,62.0,2025-06-16
74.4,64.3,56.3,61.4,2025-06-23
72.9,63.7,55.6,60.5,2025-06-30
71.1,62.7,54.5,59.3,2025-07-07
69.7,61.8,53.4,58.0,2025-07-14
68.4,60.4,52.0,56.7,2025-07-21
67.0,58.8,50.5,55.2,2025-07-28
65.8,57.2,49.0,53.6,2025-08-04
63.9,55.4,47.5,52.1,2025-08-11
62.0,53.8,46.2,50.8,2025-08-18
60.8,52.3,44.8,49.5,2025-08-25
59.3,50.9,43.6,48.2,2025-09-01
58.2,49.5,42.6,47.1,2025-09-08
57.1,49.3,41.9,46.2,2025-09-15
55.9,48.6,41.3,45.5,2025-09-22
55.0,47.9,40.8,44.7,2025-09-29
54.1,47.8,40.4,44.1,2025-10-06
53.1,47.5,40.0,43.6,2025-10-13
52.1,48.5,39.8,43.1,2025-10-20
51.6,50.0,40.5,43.6,2025-10-27
51.3,50.0,41.1,43.9,2025-11-03
51.4,51.7,42.5,44.7,2025-11-10
53.3,51.2,42.8,45.1,2025-11-17
53.8,51.1,42.8,45.2,2025-11-24
54.0,51.1,43.0,45.7,2025-12-01
54.5,51.3,43.5,46.3,2025-12-08
54.9,51.5,44.7,46.9,2025-12-15
55.5,51.4,46.4,48.0,2025-12-22
56.3,51.4,47.1,49.1,2025-12-29
56.6,51.7,47.7,49.7,2026-01-05
56.9,52.6,48.2,50.4,2026-01-12
57.2,52.0,48.2,50.7,2026-01-19
59.2,54.3,50.6,52.0,2026-01-26
67.3,58.3,52.1,53.0,2026-02-02
77.3,58.1,52.4,53.6,2026-02-09
82.5,58.0,53.3,54.6,2026-02-16
83.0,57.9,53.7,55.3,2026-02-23
83.0,58.0,54.0,55.6,2026-03-02
82.6,60.9,54.9,56.5,2026-03-09
83.2,65.8,56.4,58.1,2026-03-16
83.3,71.2,58.0,59.6,2026-03-23
83.3,72.9,58.5,60.1,2026-03-30
83.5,73.8,59.8,61.1,2026-04-06
83.7,74.0,60.3,61.6,2026-04-13
83.5,75.6,60.6,62.4,2026-04-20
83.4,76.4,60.7,62.9,2026-04-27
83.7,77.0,60.8,63.2,2026-05-04
83.9,77.1,60.7,63.3,2026-05-11
84.2,77.5,60.7,63.6,2026-05-18
84.0,77.5,60.4,63.5,2026-05-25
83.1,76.8,60.0,63.1,2026-06-01
82.4,76.4,59.5,62.7,2026-06-08
81.5,75.7,58.9,62.2,2026-06-15
80.1,74.4,58.2,61.5,2026-06-22
78.4,72.9,57.4,60.6,2026-06-29
77.1,71.1,56.2,59.4,2026-07-06
75.3,69.7,55.0,58.1,2026-07-13
73.4,68.4,53.7,56.8,2026-07-20
71.3,67.0,52.2,55.4,2026-07-27
69.6,65.7,50.8,53.8,2026-08-03
68.0,63.9,49.3,52.3,2026-08-10
66.2,62.0,47.8,50.9,2026-08-17
64.9,60.8,46.5,49.6,2026-08-24
64.0,59.3,45.3,48.3,2026-08-31
62.6,58.2,44.3,47.1,2026-09-07
61.8,57.1,43.7,46.2,2026-09-14
60.3,55.9,43.1,45.4,2026-09-21
59.2,55.0,42.5,44.6,2026-09-28
58.3,54.1,41.9,44.0,2026-10-05
