Embalses,Nombre completo,Ríos,Cuenca,Latitude,Longitude
A Ribeira,Embalse de A Ribeira,Eume,Galicia Costa,42.5540645,-8.9922481
Aceña,Embalse de Aceña,Aceña,Tajo,40.6192838,-4.2211616
Agrio (Aznalcollar),Embalse de Agrio (Aznalcollar),Agrio,Guadalquivir,37.5191373,-6.2681327
Aguascebas,Embalse de Aguascebas,Aguascebas,Guadalquivir,38.0440983,-2.9506893
Águeda,Embalse de Águeda,Águeda,Duero,40.5298774,-6.4816084
Aguilar,Embalse de Aguilar,Pisuerga,Duero,42.8095736,-4.3128549
Alange,Embalse de Alange,Matachel,Guadiana,38.7478671,-6.2482149
Alarcón,Embalse de Alarcón,Júcar,Júcar,39.6539699,-2.2162882
Albarellos,Embalse de Albarellos,Avia,Miño-Sil,42.3991760357656,-8.20234891317513
Albiña,Embalse de Albiña,Albiña,Ebro,43.0027839,-2.6276116
Alcañiz (Estanca),Embalse de Alcañiz (Estanca),Guadalope,Ebro,41.0510353,-0.1335373
Alcántara,Embalse de Alcántara,Tajo,Tajo,39.73,-6.884722
Alcollarín,Embalse de Alcollarín,Alcollarín,Guadiana,39.2472299,-5.7484747
Alcorlo,Embalse de Alcorlo,Bornova,Tajo,41.022516,-3.0250778
Aldeadávila,Embalse de Aldeadávila,Duero,Duero,41.2113789,-6.6862008
Alfilorios,Embalse de Alfilorios,Barrea,Cantábrico Occidental,43.2917805,-5.917858
Alfonso XIII,Embalse de Alfonso XIII,Quípar,Segura,38.2146862,-1.6044591
Algar,Embalse de Algar,Palancia,Júcar,39.7879092,-0.3765436
Algeciras,Embalse de Algeciras,Algeciras,Segura,37.8921029,-1.3915491
Alloz,Embalse de Alloz,Salado,Ebro,42.7218764,-1.936573
Almendra,Embalse de Almendra,Tormes,Duero,41.2607875,-6.2694608
Almodóvar,Embalse de Almodóvar,Almodóvar,Guadalete-Barbate,36.1560848,-5.6444806
Almoguera,Embalse de Almoguera,Tajo,Tajo,40.275556,-2.9575
Alsa - Mediajo,Embalse de Alsa - Mediajo,Torina,Cantábrico Occidental,43.078611,-3.957222
Amadorio,Embalse de Amadorio,Amadorio,Júcar,38.535209,-0.2632115
Añarbe,Embalse de Añarbe,Añarbe,Cantábrico Oriental,43.2205115,-1.8751321
Anchuricas,Embalse de Anchuricas,Segura,Segura,38.1958611,-2.5430087
Andévalo,Embalse de Andévalo,Malagón,Guadiana,37.6753112,-7.179026
Aracena,Embalse de Aracena,Rivera de Huelva,Guadalquivir,37.9205421,-6.4583355
Arbón,Embalse de Arbón,Navia,Cantábrico Occidental,43.4770527,-6.7302435
Arcos de la Frontera,Embalse de Arcos de la Frontera,Guadalete,Guadalete-Barbate,36.7638075,-5.7892476
Arenós,Embalse de Arenós,Mijares,Júcar,40.0938706,-0.5596874
Arenoso,Embalse de Arenoso,Arenoso,Guadalquivir,40.0938706,-0.5596874
Argos,Embalse de Argos,Argos,Segura,38.1685604,-1.7398895
Arlanzón,Embalse de Arlanzón,Arlanzón,Duero,42.252480475864,-3.33593499944234
Arquillo de San Blas,Embalse de Arquillo de San Blas,Turia,Júcar,40.3718676,-1.2295586
As Forcadas,Embalse de As Forcadas,Forcadas,Galicia Costa,43.6176,-8.0839
Azután,Embalse de Azután,Tajo,Tajo,39.7780137,-5.0884823
Baños,Embalse de Baños,Baños,Tajo,40.29054,-5.8894741
Bao,Embalse de Bao,Bibey,Miño-Sil,42.2484,-7.1664
Barasona,Embalse de Barasona,Ésera,Ebro,42.1411111,0.3261111
Barbate,Embalse de Barbate,Barbate,Guadalete-Barbate,36.381161,-5.7141879
Bárcena,Embalse de Bárcena,Sil,Miño-Sil,42.5775131,-6.559887
Barrie de la Maza,Embalse de Barrie de la Maza,Tambre,Galicia Costa,42.8727676,-8.7584426
Barrios de Luna,Embalse de Barrios de Luna,Luna,Duero,42.8497549,-5.8637585
Baserca,Embalse de Baserca,Noguera-Ribagorzana,Ebro,42.5913193,0.7615995
Beleña,Embalse de Beleña,Sorbe,Tajo,40.950963,-3.2018198
Belesar,Embalse de Belesar,Miño,Miño-Sil,42.6286685,-7.7121655
Bellús,Embalse de Bellús,Albaida,Júcar,38.9312654,-0.4755993
Bembézar,Embalse de Bembézar,Bembézar,Guadalquivir,37.977222,-5.302278
Benagéber,Embalse de Benagéber,Turia,Júcar,39.7419003,-1.1137191
Beniarrés,Embalse de Beniarrés,Serpis,Júcar,38.8149329,-0.3561709
Benínar,Embalse de Benínar,Grande de Adra,Cuenca Mediterránea Andaluza,36.8825,-3.025278
Bermejales,Embalse de Bermejales,Cacín,Guadalquivir,36.9846076,-3.8884417
Béznar,Embalse de Béznar,Izbor,Cuenca Mediterránea Andaluza,36.921389,-3.552222
Boadella,Embalse de Boadella,Muga,Cuencas Internas de Cataluña,42.3481674,2.8215666
Bolarque,Embalse de Bolarque,Tajo,Tajo,40.3637929600671,-2.81585645197501
Boquerón,Embalse de Boquerón,Rosal,Guadiana,39.1728495281979,-6.42720979818816
Borbollon,Embalse de Borbollon,Árrago,Tajo,40.141467,-6.5543199
Bornos,Embalse de Bornos,Guadalete,Guadalete-Barbate,36.8117195,-5.7141879
Brovales,Embalse de Brovales,Brovales,Guadiana,38.3558277,-6.6945568
Búbal,Embalse de Búbal,Gállego,Ebro,42.7010756,-0.312503
Buendía,Embalse de Buendía,Guadiela,Tajo,40.4132674480319,-2.72240670641006
Búrdalo,Embalse de Búrdalo,Búrdalo,Guadiana,39.1467077899557,-5.9623467648986
Burgomillodo,Embalse de Burgomillodo,Duratón,Duero,41.3315989,-3.880167
Burguillo - Puente Nuevo,Embalse de Burguillo - Puente Nuevo,Alberche,Tajo,40.4234346,-4.5817889
Buseo,Embalse de Buseo,Sot de Chera,Júcar,39.594722,-0.938611
Cáceres - Guadiloba,Embalse de Cáceres - Guadiloba,Guadiloba,Tajo,39.4859827,-6.2867284
Cala,Embalse de Cala,Rivera de Cala,Guadalquivir,37.7113698,-6.1043336
Calanda,Embalse de Calanda,Guadalope,Ebro,40.9067308,-0.2092267
Camarasa,Embalse de Camarasa,Noguera-Pallaresa,Ebro,41.9350644,0.8567905
Camarillas,Embalse de Camarillas,Mundo,Segura,38.3605308,-1.6347878
Camporredondo,Embalse de Camporredondo,Carrión,Duero,42.9,-4.7166667
Canales,Embalse de Canales,Genil,Guadalquivir,37.1569777,-3.4687701
Canchales,Embalse de Canchales,Lácara,Guadiana,37.1569777,-3.4687701
Cancho del Fresno,Embalse de Cancho del Fresno,Ruecas,Guadiana,39.4020651,-5.3874113
Canelles,Embalse de Canelles,Noguera-Ribagorzana,Ebro,41.9784145,0.61246
Cañón de Santolea,Embalse del Cañón de Santolea,Guadalupe,Ebro,40.7564462,-0.3538888
Casares de Arbas,Embalse de Casares de Arbas,Casares,Duero,42.927778,-5.758889
Casasola,Embalse de Casasola,Campanillas,Cuenca Mediterránea Andaluza,36.8081341064868,-4.49235673083119
Caspe,Embalse de Caspe,Guadalope,Ebro,41.1212587,-0.0244872
Castrejón,Embalse de Castrejón,Tajo,Tajo,39.8585834,-4.2871904
Castrelo,Embalse de Castrelo,Miño,Miño-Sil,42.4811884,-8.803152
Castro,Embalse de Castro,Duero,Duero,41.5814768,-6.1676132
Castro de las Cogotas,Embalse de Castro de las Cogotas,Adaja,Duero,40.723889,-4.698333
"Castro, El","Embalse de Castro, El",Algodor,Tajo,39.8079,-3.7514
Cavallers,Embalse de Cavallers,Noguera de Tort,Ebro,42.5906494,0.8567905
Cazalegas,Embalse de Cazalegas,Alberche,Tajo,40.0169519,-4.6993044
Cecebre,Embalse de Cecebre,Mero,Galicia Costa,43.2829606,-8.2977251
Cedillo,Embalse de Cedillo,Tajo,Tajo,39.666759981849,-7.53050026604892
Celemín,Embalse de Celemín,Celemín,Guadalete-Barbate,36.3063696,-5.7536812
Cenajo,Embalse de Cenajo,Segura,Segura,38.3722005,-1.8257384
Cenza,Embalse de Cenza,Cenza,Miño-Sil,42.2009154691097,-7.26317246356753
Cernadilla,Embalse de Cernadilla,Tera,Duero,42.0124314,-6.5203088
Certescáns,Embalse de Certescáns,Certescáns,Ebro,42.703887,1.3065128
Cervera,Embalse de Cervera,Rivera,Duero,42.866667,-4.528889
Chandrexa,Embalse de Chandrexa,Navea,Miño-Sil,42.2500206,-7.4172309
Chanza,Embalse de Chanza,Chanza,Guadiana,37.5584663,-7.5207942
Charco Redondo,Embalse de Charco Redondo,Palmones,Cuenca Mediterránea Andaluza,36.253889,-5.565
Cijara,Embalse de Cijara,Guadiana,Guadiana,39.3244044,-4.8909681
Ciurana,Embalse de Ciurana,Ciurana,Ebro,41.2508273,0.9126746
Colomera,Embalse de Colomera,Colomera,Guadalquivir,37.4031614,-3.7193936
Compuerto,Embalse de Compuerto,Carrión,Duero,42.8789433,-4.8015285
Concepción,Embalse de Concepción,Verde de Marbella,Cuenca Mediterránea Andaluza,36.548231,-4.9623639
Conde Guadalhorce,Embalse de Conde Guadalhorce,Turón,Cuenca Mediterránea Andaluza,36.7100573211009,-4.57549907665795
Contreras,Embalse de Contreras,Cabriel,Júcar,39.5928206,-1.5232832
Cornalbo,Embalse de Cornalbo,Albarregas,Guadiana,38.9883478,-6.1910614
Cortes II,Embalse de Cortes II,Júcar,Júcar,39.2620263,-0.9183368
Corumbel Bajo,Embalse de Corumbel Bajo,Corumbel,"Tinto, Odiel y Piedras",37.4390078,-6.5576553
Crevillente,Embalse de Crevillente,Rambla de Bosch,Segura,38.2446844,-0.8113636
Cubilar,Embalse de Cubilar,Cubilar,Guadiana,37.2765577,-3.6711972
Cubillas,Embalse de Cubillas,Cubillas,Guadalquivir,37.2765577,-3.6711972
Cuerda del Pozo,Embalse de Cuerda del Pozo,Duero,Duero,41.8546786,-2.7456298
Cueva Foradada,Embalse de Cueva Foradada,Martín,Ebro,40.9704816,-0.6950987
Cuevas de Almanzora,Embalse de Cuevas de Almanzora,Almanzora,Cuenca Mediterránea Andaluza,37.3315192,-1.8964922
Doiras,Embalse de Doiras,Navia,Cantábrico Occidental,43.387222,-6.823889
Ebro,Embalse de Ebro,Ebro,Ebro,43.0206347,-3.9164585
Edrada-Mao,Embalse de Edrada-Mao,Mao,Miño-Sil,42.1489919,-7.2346105
Eiras,Embalse de Eiras,Oitavén,Galicia Costa,42.3461379,-8.4903865
El Aguijón,Embalse de El Aguijón,Alcarrache,Guadiana,38.1286111,-2.7758333
El Atance,Embalse de El Atance,Salado,Tajo,41.0954055,-2.7792261
El Atazar,Embalse de El Atazar,Lozoya,Tajo,40.9018994,-3.5433199
El Grado,Embalse de El Grado,Cinca,Ebro,42.313333,0.210833
El Naranjero,Embalse de El Naranjero,Júcar,Júcar,39.275282,-0.8609602
El Pardo,Embalse de El Pardo,Manzanares,Tajo,40.538611,-3.786944
El Pintado,Embalse de El Pintado,Viar,Guadalquivir,37.9869909,-5.9554931
El Pontón Alto,Embalse de El Pontón Alto,Eresma,Duero,40.9142742,-4.0318696
El Portillo,Embalse de El Portillo,Castril,Guadalquivir,37.805833,-2.788889
El Vado,Embalse de El Vado,Jarama,Tajo,41.0034172,-3.3008706
El Val,Embalse de El Val,Val,Ebro,38.1286111,-2.7758333
El Vellón (Pedrezuela),Embalse de El Vellón (Pedrezuela),Guadalix,Tajo,40.7619893,-3.6244392
El Vicario,Embalse de El Vicario,Guadiana,Guadiana,39.059722,-3.995556
El Villar,Embalse de El Villar,Lozoya,Tajo,40.9474275,-3.5630884
Enciso,Embalse de Enciso,Cidacos,Ebro,42.1426477081533,-2.27923341045313
Entrepeñas,Embalse de Entrepeñas,Tajo,Tajo,40.5136201,-2.7307058
Escales,Embalse de Escales,Noguera-Ribagorzana,Ebro,42.3259265,0.742902
Escalona,Embalse de Escalona,Escalona,Júcar,39.1281706,-0.7063724
Eúgui,Embalse de Eúgui,Arga,Ebro,42.9790958,-1.5172315
Eume,Embalse de Eume,Eume,Galicia Costa,43.3763925,-7.9906232
Fervenza,Embalse de Fervenza,Jallas,Galicia Costa,42.9975289,-8.9935558
Finisterre,Embalse de Finisterre,Algodor,Tajo,39.6192717,-3.6876803
Flix,Embalse de Flix,Ebro,Ebro,41.235,0.5526
Forata,Embalse de Forata,Magro,Júcar,39.3420541,-0.8663219
Francisco Abellán,Embalse de Francisco Abellán,Fardes,Guadalquivir,37.3076425,-3.2703078
Fresneda,Embalse de Fresneda,Fresneda,Guadalquivir,38.5406973804847,-3.61862802771065
Frieira,Embalse de Frieira,Miño,Miño-Sil,42.2099606,-8.1919112
Fuensanta,Embalse de Fuensanta,Segura,Segura,38.4066732,-2.2642702
Gabriel y Galán,Embalse de Gabriel y Galán,Alagón,Tajo,40.2819282,-6.1288426
García de Sola,Embalse de García de Sola,Guadiana,Guadiana,39.1682283294725,-5.21867504845419
Gargáligas,Embalse de Gargáligas,Gargáligas,Guadiana,39.0527721,-5.6523679
Gasset,Embalse de Gasset,Becea,Guadiana,39.1420809,-3.9546877
Gergal,Embalse de Gergal,Rivera de Huelva,Guadalquivir,37.570278,-6.049167
Giribaile,Embalse de Giribaile,Guadalimar,Guadalquivir,38.1100868,-3.4624575
González Lacasa,Embalse de González Lacasa,Albercos,Ebro,42.173919,-2.672878
Guadalcacín II,Embalse de Guadalcacín II,Majaceite,Guadalete-Barbate,36.6333463680494,-5.7016050421496
Guadalén,Embalse de Guadalén,Guadalén,Guadalquivir,38.1890877,-3.4675075
Guadalest,Embalse de Guadalest,Guadalest,Júcar,38.6836086,-0.2004374
Guadalhorce-Guadalteba,Embalse de Guadalhorce-Guadalteba,Gudalhorce-Guadalteba,Cuenca Mediterránea Andaluza,36.9551122,-4.8391015
Guadalmellato,Embalse de Guadalmellato,Guadalmellato,Guadalquivir,38.068056,-4.689167
Guadalmena,Embalse de Guadalmena,Guadalmena,Guadalquivir,38.3939057,-2.9051132
Guadarranque,Embalse de Guadarranque,Guadarranque,Cuenca Mediterránea Andaluza,36.318611,-5.468333
Guajaraz,Embalse de Guajaraz,Guajaraz,Tajo,39.7957553,-4.0894544
Guiamets,Embalse de Guiamets,Asmat,Ebro,41.0954794,0.7598168
Guijo de Granadilla,Embalse de Guijo de Granadilla,Alagón,Tajo,40.1928553,-6.1639671
Guístolas,Embalse de Guístolas,Navea,Miño-Sil,42.3387768910082,-7.31496286831345
Horno Tejero,Embalse de Horno Tejero,Lácara,Guadiana,39.1563553,-6.431699
Huesna,Embalse de Huesna,Rivera de Huesna,Guadalquivir,37.7834728470249,-5.68847713732673
Ibai-Eder,Embalse de Ibai-Eder,Ibai-Eder,Cuencas Internas del País Vasco,43.1234072098623,-2.22521233982946
Ibiur,Embalse de Ibiur,Ibiur,Cantábrico Oriental,43.081951,-2.1254698
Ip,Embalse de Ip,Barranco de Ip,Ebro,42.7204180136845,-0.45648767763092
Irabia,Embalse de Irabia,Irati,Ebro,42.9900764,-1.1466976
Irueña,Embalse de Irueña,Águeda,Duero,40.4463,-6.5766
Itoiz,Embalse de Itoiz,Irati,Ebro,42.8014564,-1.3635333
Iznájar,Embalse de Iznájar,Genil,Guadalquivir,37.258424,-4.3282595
Jándula,Embalse de Jándula,Jándula,Guadalquivir,38.2587298,-3.9342953
Jarrama,Embalse de Jarrama,Jarrama,"Tinto, Odiel y Piedras",37.6675839,-6.5094369
Jerte - Plasencia,Embalse de Jerte - Plasencia,Jerte,Tajo,40.0776825,-6.0136694
José Torán,Embalse de José Torán,Guadalbarcar,Guadalquivir,37.7480606,-5.4845959
La Baells,Embalse de La Baells,Llobregat,Cuencas Internas de Cataluña,42.1358767,1.8720815
La Barca,Embalse de La Barca,Narcea,Cantábrico Occidental,43.296808,-6.3405544
La Bolera,Embalse de La Bolera,Guadalentín,Guadalquivir,37.7799373,-2.8963776
La Breña II,Embalse de La Breña II,Guadiato,Guadalquivir,37.845556,-5.050556
La Cabezuela,Embalse de La Cabezuela,Jabalón,Guadiana,38.7143280356693,-3.25317552830371
La Campañana,Embalse de La Campañana,Sil,Miño-Sil,42.5056303,-6.7818585
La Cierva,Embalse de La Cierva,Mula,Segura,38.0611831,-1.4865835
La Cohilla,Embalse de La Cohilla,Nansa,Cantábrico Occidental,43.1332518,-4.3902585
La Colada,Embalse de La Colada,Guadamatilla,Guadiana,38.5475,-5.0093
La Fernandina,Embalse de La Fernandina,Guarrizas,Guadalquivir,38.2070039,-3.5736771
La Jarosa,Embalse de La Jarosa,La Jarosa,Tajo,40.6690996,-4.1219537
La Llosa del Cavall,Embalse de La Llosa del Cavall,Cardener,Cuencas Internas de Cataluña,42.1195448,1.6038527
La Loteta,Embalse de La Loteta,Derivación Canal Imperial,Ebro,41.8189369,-1.3240277
La Minilla,Embalse de La Minilla,Rivera de Huelva,Guadalquivir,37.6893836,-6.1957953
La Muela,Embalse de La Muela,Júcar,Júcar,39.2620263,-0.9183368
La Pedrera,Embalse de La Pedrera,Dep.Arr.Grande,Segura,38.0338723,-0.8710856
La Peña,Embalse de La Peña,Gállego,Ebro,42.3833333,-0.7166667
La Portiña,Embalse de La Portiña,Portiña,Tajo,40.0001945,-4.8423417
La Serena,Embalse de La Serena,Zújar,Guadiana,38.9285143,-5.2214477
La Tajera,Embalse de La Tajera,Tajuña,Tajo,40.8549702,-2.6003235
La Toba,Embalse de La Toba,Júcar,Júcar,40.2082812,-1.9068708
La Tranquera,Embalse de La Tranquera,Piedra,Ebro,41.2382131,-1.784315
La Viñuela,Embalse de La Viñuela,Guaro,Cuenca Mediterránea Andaluza,36.8785087,-4.1692941
Lanuza,Embalse de Lanuza,Gállego,Ebro,42.75,-0.3
Las Conchas,Embalse de Las Conchas,Limia,Miño-Sil,41.9691216790891,-7.97958471458453
Las Fitas,Embalse de Las Fitas,Barranco Carnerario,Ebro,41.7975,-0.0597
Las Parras,Embalse de Las Parras,Martín,Ebro,40.8255265,-0.9201274
Las Portas,Embalse de Las Portas,Camba,Miño-Sil,42.1167,-7.2093
Las Rozas,Embalse de Las Rozas,Sil,Miño-Sil,42.9182108,-6.3398896
Las Torcas,Embalse de Las Torcas,Huerva,Ebro,41.2888427,-1.0951427
Las Vencías,Embalse de Las Vencías,Duratón,Duero,41.4201845,-3.9604246
Laverné,Embalse de Laverné,Barranco Vitale,Ebro,42.0805793,-1.075377
Lechago,Embalse de Lechago,Pancrudo,Ebro,40.9586292,-1.2728557
Limonero,Embalse de Limonero,Guadalmedina,Cuenca Mediterránea Andaluza,36.7703091,-4.4317144
Linares del Arroyo,Embalse de Linares del Arroyo,Riaza,Duero,41.5060816,-3.5268841
Llauset,Embalse de Llauset,Llauset,Ebro,42.5838189,0.6885733
Llerena,Embalse de Llerena,Conejo,Guadiana,38.3087412,-5.9105957
Loriguilla,Embalse de Loriguilla,Turia,Júcar,39.675286,-0.9187842
Los Hurones,Embalse de Los Hurones,Majaceite,Guadalete-Barbate,36.6872725,-5.5341696
Los Machos,Embalse de Los Machos,Piedras,"Tinto, Odiel y Piedras",37.3550949248481,-7.2544986479835
Los Melonares,Embalse de Los Melonares,Viar,Guadalquivir,37.765257,-5.890794
Los Molinos,Embalse de Los Molinos,Matachel,Guadiana,38.5133912654302,-6.11230521683746
Maidevera,Embalse de Maidevera,Aranda,Ebro,41.5815582,-1.7575326
Mansilla,Embalse de Mansilla,Najerilla,Ebro,42.15,-2.95
María Cristina,Embalse de María Cristina,Rambla Viuda,Júcar,40.0356395,-0.1606176
Martín Gonzalo,Embalse de Martín Gonzalo,Martín Gonzalo,Guadalquivir,38.1018411,-4.3301854
Matalavilla,Embalse de Matalavilla,Valseco,Miño-Sil,42.8353684,-6.4330305
Mediano,Embalse de Mediano,Cinca,Ebro,42.3420153,0.1939932
Mequinenza,Embalse de Mequinenza,Ebro,Ebro,41.3835966,0.1237623
Molino de Chincha,Embalse de Molino de Chincha,Guadiela,Tajo,40.5441727052279,-2.16835837509503
Moneva,Embalse de Moneva,Aguas Vivas,Ebro,41.1660616,-0.8329718
Monteagudo,Embalse de Monteagudo,Nájima,Ebro,41.3883333,-2.1819444
Montearagón,Embalse de Montearagón,Flumen,Ebro,42.1535225,-0.3443688
Montefurado,Embalse de Montefurado,Bibey-Sil,Miño-Sil,42.3956785,-7.2029234
Montijo,Embalse de Montijo,Guadiana,Guadiana,38.933125,-6.4090668
Montoro,Embalse de Montoro,Montoro,Guadalquivir,38.0226527,-4.3834962
Nagore,Embalse de Nagore,Urrobi,Ebro,42.8533433,-1.3755931
Navacerrada,Embalse de Navacerrada,Navacerrada,Tajo,40.7187095,-4.0069802
Navalcán,Embalse de Navalcán,Guayerbas,Tajo,40.0352162,-5.1145455
Navamuño,Embalse de Navamuño,Angostura,Tajo,40.3431491,-5.7817325
Negratín,Embalse de Negratín,Guadiana Menor,Guadalquivir,37.5928463,-2.8315345
Nogales,Embalse de Nogales,Nogales,Guadiana,38.5570713159997,-6.73067026391768
Nuestra Señora de Agavanzal,Embalse de Nuestra Señora de Agavanzal,Tera,Duero,41.9751551189605,-6.15928175503354
Odiel,Embalse de Odiel,Odiel,"Tinto, Odiel y Piedras",37.4699852233098,-6.74990954008527
Oliana,Embalse de Oliana,Segre,Ebro,42.1189708,1.3071642
Olivargas,Embalse de Olivargas,Olivargas,"Tinto, Odiel y Piedras",37.7195741,-6.8123247
Ordunte,Embalse del Ordunte,Ordunte,Cantábrico Oriental,43.1611914,-3.2823462
Orellana,Embalse de Orellana,Guadiana,Guadiana,39.0324017,-5.3965729
Os Peares,Embalse de Os Peares,Miño,Miño-Sil,42.532535,-7.7104428
Pajares,Embalse de Pajares,Lumbreras,Ebro,42.0821421,-2.6028036
Pálmaces,Embalse de Pálmaces,Cañamares,Tajo,41.0593077,-2.9163471
Pena,Embalse de Pena,Pena,Ebro,40.8132933,0.12961
Peñarroya,Embalse de Peñarroya,Guadiana,Guadiana,39.0346779871601,-2.96199078698037
Peñarrubia,Embalse de Peñarrubia,Sil,Miño-Sil,42.4625865,-6.8123247
Pías (San Agustín),Embalse de Pías (San Agustín),Bibey,Miño-Sil,42.1110396,-6.9893766
Picadas,Embalse de Picadas,Alberche,Tajo,40.3332076,-4.2491977
Piedra Aguda,Embalse de Piedra Aguda,Olivenza,Guadiana,38.6630572,-7.0296822
Piedras,Embalse de Piedras,Piedras,"Tinto, Odiel y Piedras",37.386156,-7.2679832
Pinilla,Embalse de Pinilla,Lozoya,Tajo,40.9392529,-3.7955506
Porma-(Juan Benet),Embalse de Porma-(Juan Benet),Porma,Duero,42.9488854,-5.2815051
Portaje,Embalse de Portaje,Fresnedilla,Tajo,39.8772877,-6.527643
Portodemouros,Embalse de Portodemouros,Ulla,Galicia Costa,42.8388311,-8.1297595
Prada,Embalse de Prada,Jares,Miño-Sil,42.2996301,-7.0377463
Proserpina,Embalse de Proserpina,Pardilla,Guadiana,38.969544,-6.366433
Pto. Vallehermoso,Embalse de Pto. Vallehermoso,Azuer,Guadiana,38.8614509645976,-3.16267524939947
Puebla de Cazalla,Embalse de Puebla de Cazalla,Carbones,Guadalquivir,37.1223564,-5.2201428
Puente de Santolea,Embalse de Puente de Santolea,Guadalope,Ebro,40.7472972,-0.3580665
Puente Nuevo,Embalse de Puente Nuevo,Guadiato,Guadalquivir,38.1022203,-4.9402863
Puente Porto,Embalse de Puente Porto,Segundera,Duero,42.1130422,-6.83376
Puentes,Embalse de Puentes,Guadalentín,Segura,37.7348846,-1.8192702
Puentes Viejas,Embalse de Puentes Viejas,Lozoya,Tajo,40.9931645,-3.5709094
Quéntar,Embalse de Quéntar,Aguas Blancas,Guadalquivir,37.2081452,-3.4340605
Quiebrajano,Embalse de Quiebrajano,Quiebrajano,Guadalquivir,37.6292053,-3.7270077
Rábanos,Embalse de Rábanos,Duero,Duero,41.7264342231568,2.4518845045754
Regajo,Embalse de Regajo,Palancia,Júcar,39.8933544,-0.5275546
Requejada,Embalse de Requejada,Pisuerga,Duero,42.9155016,-4.4992928
Retortillo,Embalse de Retortillo,Retortillo,Guadalquivir,37.8522348,-5.3717092
Rialb,Embalse de Rialb,Segre,Ebro,41.9399743,1.1933618
Riaño,Embalse de Riaño,Esla,Duero,42.9705355,-5.0156456
Ribarroja,Embalse de Ribarroja,Ebro,Ebro,41.2436599,0.4327914
Ricobayo,Embalse de Ricobayo,Esla,Duero,41.6588218,-5.8591247
Riocobo,Embalse de Riocobo,Cobo,Galicia Costa,43.6748439567132,-7.44653815686947
Rioseco,Embalse de Rioseco,Nalón,Cantábrico Occidental,43.2246056,-5.4633649
Riosequillo,Embalse de Riosequillo,Lozoya,Tajo,40.9830271,-3.6509177
Riudecanyes,Embalse de Riudecanyes,Riudecanyes,Cuencas Internas de Cataluña,41.1336068,0.9589598
Rivera de Gata,Embalse de Rivera de Gata,Rivera de Gata,Tajo,40.0663136276903,-6.6691687765364
Rosarito,Embalse de Rosarito,Tiétar,Tajo,40.1032226,-5.3076366
Ruecas,Embalse del Ruecas,Ruecas,Guadiana,39.2829457084821,-5.47769001359411
Rules,Embalse de Rules,Guadalfeo,Cuenca Mediterránea Andaluza,36.8598329,-3.4953143
Rumblar,Embalse de Rumblar,Rumblar,Guadalquivir,38.1911604,-3.7854209
Salas,Embalse de Salas,Salas,Miño-Sil,41.9864525860087,-7.99955535999446
Salime,Embalse de Salime,Navia,Cantábrico Occidental,43.1590562,-6.8692778
Sallente,Embalse de Sallente,Flamisell,Ebro,42.503113,0.9908288
Salor,Embalse de Salor,Salor,Tajo,39.3541485830414,-6.28382202672256
San Antón,Embalse de San Antón,Endara,Cantábrico Oriental,43.2743832838029,-1.77348065861694
San Bartolomé,Embalse de San Bartolomé,Arba,Ebro,42.216303,-1.1514966
San Clemente,Embalse de San Clemente,Guardal,Guadalquivir,37.8666913,-2.6462262
San José,Embalse de San José,Duero,Duero,41.4038271,-5.2730534
San Juan,Embalse de San Juan,Alberche,Tajo,40.3867776,-4.3449529
San Lorenzo,Embalse de San Lorenzo,Segre,Ebro,41.8548,0.837
San Martiño,Embalse de San Martiño,Sil,Miño-Sil,42.3854742850496,-7.11754672838874
San Pedro,Embalse de San Pedro,Sil,Miño-Sil,42.4525907727791,-7.71931774590953
San Rafael de Navallana,Embalse de San Rafael de Navallana,Guadalmellato,Guadalquivir,37.9896207,-4.6256661
San Salvador,Embalse de San Salvador,Arroyo la Clamor,Ebro,41.7806104,0.1976587
San Sebastián,Embalse de San Sebastián,Bibey,Miño-Sil,42.1487345,-6.935674
San. Estevo,Embalse de San. Estevo,Sil,Miño-Sil,42.3854073227088,-7.51184114103975
Sancho,Embalse de Sancho,Meca,"Tinto, Odiel y Piedras",37.4793975,-7.0216191
Sant Pons,Embalse de Sant Pons,Cardener,Cuencas Internas de Cataluña,41.9717308,1.6020337
Santa Ana,Embalse de Santa Ana,Noguera-Ribagorzana,Ebro,41.9007222,0.5991042
Santa Eulalia,Embalse de Santa Eulalia,Jares,Miño-Sil,42.3497,-7.0625
Santa María de Belsué,Embalse de Santa María de Belsué,Flumen,Ebro,42.3060248696357,-0.347810306047974
Santa Teresa,Embalse de Santa Teresa,Tormes,Duero,40.6690424,-5.6044606
Santillana,Embalse de Santillana,Manzanares,Tajo,40.7183943,-3.8697527
Santolea,Embalse de Santolea,Guadalope,Ebro,40.755,-0.3258333
Santomera,Embalse de Santomera,Rambla Salada,Segura,38.0953218,-1.0885631
Sau,Embalse de Sau,Ter,Cuencas Internas de Cataluña,41.9717273,2.3887675
Saucelle,Embalse de Saucelle,Duero,Duero,41.0872746,-6.7698536
Sequeiros,Embalse de Sequeiros,Sil,Miño-Sil,42.4377020336185,-7.21673321471883
Serones,Embalse de Serones,Voltoya,Duero,40.689722,-4.473889
Sichar,Embalse de Sichar,Mijares,Júcar,40.0156221,-0.2420576
Sierra Boyera,Embalse de Sierra Boyera,Guadiato,Guadalquivir,38.2744896,-5.2488573
Sierra Brava,Embalse de Sierra Brava,Pizarroso,Guadiana,39.2315102,-5.6300233
Siles,Embalse de Siles,Guadalimar,Guadalquivir,38.405301761574,-2.60556982434747
Sistema Aguas Limpias,Embalse de Sistema Aguas Limpias,Aguas Limpias,Ebro,41.848661590286,-1.65764633660542
Sistema Alto Caldarés,Embalse de Sistema Alto Caldarés,Caldarés,Ebro,42.768745084792,-0.230915501436636
Sistema Capdella,Embalse de Sistema Capdella,Flamisell,Ebro,39.5787022,2.4692829
Sistema Escarra,Embalse de Sistema Escarra,Escarra,Ebro,42.7410076865582,-0.361490351735927
Sistema Lagos Espot,Embalse de Sistema Lagos Espot,Espot,Ebro,42.5758342,1.0879541
Sistema Valle de Arán,Embalse de Sistema Valle de Arán,Valartíes,Ebro,42.7439754,0.7913227
Sobrón,Embalse de Sobrón,Ebro,Ebro,42.759444,-3.155278
Sotonera,Embalse de Sotonera,Sotón,Ebro,42.1107767,-0.682049
Sta Uxia,Embalse de Sta Uxia,Jallas,Galicia Costa,42.9176447321584,-9.09925275911726
Susqueda,Embalse de Susqueda,Ter,Cuencas Internas de Cataluña,41.9794496,2.5273756
Taibilla,Embalse de Taibilla,Taibilla,Segura,38.1930152,-2.2615004
Talave,Embalse de Talave,Mundo,Segura,38.5094017,-1.8781829
Tanes,Embalse de Tanes,Nalón,Cantábrico Occidental,43.2050532,-5.4050813
Tentudia,Embalse de Tentudia,Bodión,Guadiana,38.0935964,-6.3179551
Terradets,Embalse de Terradets,Noguera-Pallaresa,Ebro,42.0677778,0.8891667
Terroba,Embalse de Terroba,Leza,Ebro,42.2580359,-2.4446549
Torcón,Embalse de Torcón,Torcón,Tajo,39.7667868188369,-4.41306706786682
Torre de Abrahán,Embalse de Torre de Abrahán,Bullaque,Guadiana,39.3745771,-4.2477779
Torre del Águila,Embalse de Torre del Águila,Salado,Guadalquivir,37.0524002,-5.7518088
Torrejón (Tajo - Tietar),Embalse de Torrejón (Tajo - Tietar),Tiétar,Tajo,40.1956649164494,-4.8739305422929
Tous - La Ribera,Embalse de Tous - La Ribera,Júcar,Júcar,39.145556,-0.66
Tranco de Beas,Embalse de Tranco de Beas,Guadalquivir,Guadalquivir,38.1286111,-2.7758333
Tremp ó Talárn,Embalse de Tremp ó Talárn,Noguera-Pallaresa,Ebro,42.1861584,0.8999973
Ulldecona,Embalse de Ulldecona,Cenia,Júcar,40.670833,0.231111
Ullivarri,Embalse de Ullivarri,Zadorra,Ebro,42.9250658,-2.5718122
Urdalur,Embalse de Urdalur,Alzama,Ebro,42.9144488,-2.2365821
Urdiceto,Embalse de Urdiceto,Urdiceto,Ebro,42.677114,0.271321
Urkulu,Embalse de Urkulu,Urkulu,Cuencas Internas del País Vasco,43.0190927,-2.4784518
Urrunaga,Embalse de Urrunaga,Sta.Engracia,Ebro,42.976738,-2.6511914
Úzquiza,Embalse de Úzquiza,Arlanzón,Duero,42.3069973,-3.3477076
Vadiello,Embalse de Vadiello,Guatizalema,Ebro,42.2423876,-0.2752098
Vadomojón,Embalse de Vadomojón,Guadajoz,Guadalquivir,37.6350312,-4.2256464
Valdecañas,Embalse de Valdecañas,Tajo,Tajo,39.8189578,-5.4201377
Valdeinfierno,Embalse de Valdeinfierno,Alcaide,Segura,37.8109247,-1.9710284
Valdeobispo,Embalse de Valdeobispo,Alagón,Tajo,40.1168156,-6.2389221
Valdepatao,Embalse de Valdepatao,Cinca,Ebro,41.5017605722193,0.0608397079802383
Valmayor,Embalse de Valmayor,Aulencia,Tajo,40.5458978,-4.0567709
Valparaíso,Embalse de Valparaíso,Tera,Duero,41.9677297,-6.2933711
Valuengo,Embalse de Valuengo,Ardila,Guadiana,38.3048965,-6.6678214
Vega del Jabalón,Embalse de Vega del Jabalón,Jabalón,Guadiana,38.8288405024577,-3.93834886181352
Velle,Embalse de Velle,Miño,Miño-Sil,42.3787614,-7.8265973
Víboras,Embalse de Víboras,Víboras,Guadalquivir,37.6381932656207,-3.98761741964581
Vilasouto,Embalse de Vilasouto,Mao,Miño-Sil,42.6639318,-7.417857
Villagonzalo,Embalse de Villagonzalo,Tormes,Duero,40.8731953,-5.4951721
Villagudín,Embalse de Villagudín,Veduino,Galicia Costa,43.094887,-8.4915277
Villalba de los Barros,Embalse de Villalba de los Barros,Guadajira,Guadiana,38.5820754,-6.5051827
Villalcampo,Embalse de Villalcampo,Duero,Duero,41.491111,-6.085278
Villameca,Embalse de Villameca,Tuerto,Duero,42.6534432,-6.0778484
Villar del Rey,Embalse de Villar del Rey,Zapatón,Guadiana,39.1319915,-6.8478307
Yeguas,Embalse de Yeguas,Yeguas,Guadalquivir,38.080556,-4.230556
Yesa,Embalse de Yesa,Aragón,Ebro,42.6069069,-1.1041302
Zahara-El Gastor,Embalse de Zahara-El Gastor,Guadalete,Guadalete-Barbate,36.841141,-5.3704009
Zufre,Embalse de Zufre,Rivera de Huelva,Guadalquivir,37.8275653,-6.297357
Zújar,Embalse de Zújar,Zújar,Guadiana,38.916944,-5.478889
